	Date	Home	Away	Ball Possession - Home1	Ball Possession - Away1	Goal Attempts - Home1	Goal Attempts - Away1	Shots on Goal - Home1	Shots on Goal - Away1	Corner Kicks - Home1	Corner Kicks - Away1	Yellow Cards - Home1	Yellow Cards - Away1	Total Passes - Home1	Total Passes - Away1	Attacks - Home1	Attacks - Away1	Dangerous Attacks - Home1	Dangerous Attacks - Away1	home_goal1	away_goal1	Home_end_goal	Away_end_goal	Ball Possession - Home_end	Ball Possession - Away_end	Goal Attempts - Home_end	Goal Attempts - Away_end	Shots on Goal - Home_end	Shots on Goal - Away_end	Corner Kicks - Home_end	Corner Kicks - Away_end	Yellow Cards - Home_end	Yellow Cards - Away_end	Total Passes - Home_end	Total Passes - Away_end	Attacks - Home_end	Attacks - Away_end	Dangerous Attacks - Home_end	Dangerous Attacks - Away_end	spi_home	exp_home	con_home	spi_away	exp_away	con_away
0	27.04.2019	Brighton	Newcastle	38.0	62.0	0.0	4.0	0.0	1.0	3.0	1.0	1.0	2.0	190.0	318.0	51.0	66.0	12.0	18.0	0.0	1.0	2.0	1.0	50.0	50.0	9.0	9.0	2.0	1.0	7.0	4.0	2.0	3.0	461.0	488.0	112.0	106.0	65.0	26.0	64.86	1.7	0.88	69.14	1.76	0.75
1	30.01.2019	Liverpool	Leicester	73.0	27.0	4.0	3.0	2.0	1.0	4.0	0.0	1.0	1.0	423.0	151.0	83.0	46.0	35.0	19.0	1.0	1.0	0.0	1.0	72.0	28.0	10.0	5.0	3.0	2.0	7.0	1.0	1.0	3.0	779.0	301.0	172.0	92.0	89.0	34.0	92.6	2.86	0.26	76.73	1.99	0.6
2	30.03.2019	Crystal Palace	Huddersfield	43.0	57.0	8.0	7.0	1.0	2.0	1.0	2.0	0.0	0.0	203.0	276.0	48.0	77.0	21.0	22.0	0.0	0.0	4.0	0.0	48.0	52.0	19.0	15.0	5.0	5.0	5.0	5.0	0.0	0.0	423.0	449.0	102.0	142.0	48.0	45.0	71.06	1.9	0.78	79.93	2.38	0.72
3	01.09.2018	Brighton	Fulham	38.0	62.0	7.0	4.0	1.0	2.0	6.0	1.0	1.0	0.0	170.0	292.0	50.0	69.0	31.0	18.0	0.0	1.0	4.0	2.0	41.0	59.0	15.0	10.0	5.0	5.0	7.0	1.0	3.0	3.0	370.0	551.0	112.0	121.0	61.0	29.0	64.86	1.7	0.88	69.57	1.88	0.83
4	03.05.2019	Everton	Burnley	67.0	33.0	12.0	1.0	2.0	0.0	4.0	0.0	0.0	1.0	310.0	156.0	58.0	52.0	39.0	12.0	2.0	0.0	0.0	0.0	60.0	40.0	20.0	5.0	6.0	1.0	8.0	1.0	0.0	2.0	555.0	369.0	108.0	118.0	68.0	46.0	77.62	2.01	0.58	69.1	1.84	0.82
5	18.08.2018	Cardiff	Newcastle	49.0	51.0	3.0	6.0	0.0	4.0	3.0	3.0	0.0	2.0	160.0	165.0	77.0	55.0	28.0	6.0	0.0	0.0	0.0	0.0	51.0	49.0	12.0	12.0	1.0	6.0	5.0	5.0	2.0	2.0	314.0	305.0	133.0	94.0	50.0	29.0	66.62	1.93	0.99	69.14	1.76	0.75
6	25.08.2018	Huddersfield	Cardiff	71.0	29.0	2.0	1.0	0.0	1.0	5.0	1.0	0.0	0.0	251.0	107.0	61.0	59.0	27.0	23.0	0.0	0.0	0.0	0.0	58.0	42.0	5.0	14.0	1.0	4.0	7.0	7.0	0.0	1.0	399.0	286.0	100.0	96.0	49.0	59.0	79.93	2.38	0.72	66.62	1.93	0.99
7	01.12.2018	Southampton	Manchester Utd	37.0	63.0	8.0	7.0	2.0	4.0	2.0	2.0	1.0	2.0	173.0	282.0	58.0	48.0	21.0	21.0	2.0	2.0	0.0	2.0	40.0	60.0	16.0	11.0	6.0	5.0	3.0	5.0	4.0	4.0	358.0	520.0	114.0	104.0	49.0	38.0	69.57	1.88	0.83	82.17	2.32	0.57
8	15.09.2018	Huddersfield	Crystal Palace	53.0	47.0	5.0	4.0	0.0	2.0	0.0	0.0	1.0	2.0	248.0	223.0	47.0	49.0	27.0	13.0	0.0	1.0	0.0	1.0	58.0	42.0	15.0	7.0	2.0	2.0	5.0	3.0	1.0	2.0	494.0	363.0	103.0	83.0	63.0	23.0	79.93	2.38	0.72	71.06	1.9	0.78
9	22.12.2018	Arsenal	Burnley	65.0	35.0	6.0	2.0	4.0	1.0	0.0	2.0	1.0	1.0	343.0	182.0	54.0	52.0	23.0	25.0	1.0	0.0	4.0	1.0	60.0	40.0	10.0	7.0	6.0	2.0	1.0	3.0	2.0	5.0	553.0	357.0	109.0	106.0	41.0	45.0	79.93	2.38	0.72	69.1	1.84	0.82
10	30.03.2019	Leicester	Bournemouth	54.0	46.0	7.0	6.0	2.0	2.0	3.0	0.0	0.0	0.0	282.0	236.0	59.0	62.0	24.0	28.0	1.0	0.0	2.0	0.0	59.0	41.0	18.0	8.0	4.0	2.0	6.0	1.0	0.0	2.0	605.0	423.0	150.0	106.0	57.0	43.0	76.73	1.99	0.6	68.07	2.04	1.02
11	22.09.2018	Cardiff	Manchester City	21.0	79.0	1.0	9.0	1.0	4.0	1.0	6.0	1.0	0.0	102.0	371.0	28.0	63.0	15.0	30.0	0.0	3.0	0.0	5.0	22.0	78.0	2.0	21.0	2.0	10.0	1.0	9.0	1.0	1.0	219.0	800.0	50.0	131.0	18.0	57.0	66.62	1.93	0.99	94.69	3.09	0.2
12	29.09.2018	Chelsea	Liverpool	51.0	49.0	3.0	6.0	2.0	2.0	0.0	1.0	0.0	1.0	322.0	305.0	48.0	73.0	11.0	30.0	1.0	0.0	0.0	1.0	47.0	53.0	10.0	13.0	4.0	6.0	4.0	4.0	0.0	2.0	558.0	616.0	89.0	132.0	34.0	63.0	83.5	2.39	0.55	92.6	2.86	0.26
13	27.02.2019	Crystal Palace	Manchester Utd	40.0	60.0	5.0	5.0	0.0	1.0	0.0	3.0	1.0	0.0	188.0	283.0	60.0	54.0	20.0	26.0	0.0	1.0	2.0	3.0	45.0	55.0	17.0	13.0	2.0	4.0	5.0	6.0	2.0	3.0	374.0	468.0	111.0	100.0	53.0	46.0	71.06	1.9	0.78	82.17	2.32	0.57
14	24.11.2018	Everton	Cardiff	73.0	27.0	6.0	2.0	2.0	0.0	3.0	0.0	0.0	1.0	309.0	114.0	85.0	40.0	37.0	10.0	0.0	0.0	2.0	0.0	71.0	29.0	16.0	7.0	8.0	1.0	7.0	3.0	0.0	3.0	517.0	220.0	140.0	83.0	71.0	35.0	77.62	2.01	0.58	66.62	1.93	0.99
15	26.12.2018	Tottenham	Bournemouth	60.0	40.0	4.0	6.0	3.0	4.0	3.0	1.0	0.0	1.0	313.0	201.0	61.0	36.0	17.0	16.0	3.0	0.0	4.0	0.0	57.0	43.0	10.0	14.0	7.0	4.0	3.0	4.0	2.0	1.0	599.0	449.0	109.0	92.0	36.0	46.0	83.73	2.37	0.52	68.07	2.04	1.02
16	15.09.2018	Chelsea	Cardiff	76.0	24.0	12.0	3.0	4.0	1.0	4.0	4.0	0.0	0.0	314.0	95.0	56.0	40.0	21.0	17.0	2.0	1.0	4.0	1.0	77.0	23.0	18.0	6.0	7.0	2.0	5.0	4.0	0.0	0.0	766.0	227.0	132.0	84.0	39.0	34.0	83.5	2.39	0.55	66.62	1.93	0.99
17	09.02.2019	Watford	Everton	47.0	53.0	2.0	3.0	1.0	3.0	3.0	1.0	0.0	0.0	209.0	235.0	61.0	61.0	23.0	27.0	0.0	0.0	2.0	0.0	44.0	56.0	7.0	9.0	2.0	4.0	8.0	2.0	2.0	2.0	327.0	425.0	101.0	116.0	49.0	49.0	66.62	1.93	0.99	77.62	2.01	0.58
18	07.04.2019	Everton	Arsenal	48.0	52.0	6.0	1.0	2.0	0.0	1.0	2.0	0.0	2.0	228.0	251.0	71.0	42.0	23.0	15.0	1.0	0.0	0.0	0.0	43.0	57.0	23.0	7.0	6.0	2.0	9.0	6.0	1.0	4.0	381.0	513.0	123.0	99.0	64.0	52.0	77.62	2.01	0.58	79.93	2.38	0.72
19	26.12.2018	Manchester Utd	Huddersfield	74.0	26.0	10.0	3.0	5.0	0.0	4.0	1.0	1.0	1.0	394.0	130.0	89.0	32.0	32.0	12.0	1.0	0.0	4.0	1.0	65.0	35.0	16.0	10.0	10.0	2.0	5.0	3.0	1.0	1.0	634.0	335.0	143.0	87.0	49.0	36.0	82.17	2.32	0.57	79.93	2.38	0.72
20	30.03.2019	West Ham	Everton	45.0	55.0	3.0	9.0	1.0	7.0	2.0	3.0	0.0	1.0	207.0	248.0	62.0	60.0	22.0	31.0	0.0	2.0	0.0	2.0	49.0	51.0	3.0	17.0	1.0	9.0	4.0	9.0	1.0	1.0	420.0	431.0	106.0	120.0	50.0	55.0	69.4	2.0	0.92	77.62	2.01	0.58
21	15.09.2018	Tottenham	Liverpool	60.0	40.0	3.0	6.0	1.0	4.0	3.0	2.0	0.0	0.0	263.0	175.0	44.0	37.0	26.0	24.0	0.0	1.0	2.0	2.0	60.0	40.0	11.0	17.0	3.0	10.0	5.0	4.0	0.0	0.0	549.0	356.0	81.0	71.0	48.0	43.0	83.73	2.37	0.52	92.6	2.86	0.26
22	05.05.2019	Arsenal	Brighton	69.0	31.0	8.0	4.0	4.0	1.0	7.0	1.0	1.0	1.0	302.0	132.0	59.0	25.0	48.0	21.0	1.0	0.0	0.0	1.0	71.0	29.0	20.0	11.0	8.0	5.0	16.0	3.0	5.0	2.0	564.0	235.0	128.0	60.0	102.0	40.0	79.93	2.38	0.72	64.86	1.7	0.88
23	23.12.2018	Everton	Tottenham	43.0	57.0	4.0	11.0	1.0	5.0	0.0	0.0	0.0	1.0	205.0	230.0	76.0	49.0	20.0	20.0	1.0	3.0	2.0	6.0	42.0	58.0	10.0	17.0	3.0	8.0	2.0	1.0	0.0	2.0	412.0	605.0	137.0	108.0	52.0	25.0	77.62	2.01	0.58	83.73	2.37	0.52
24	25.08.2018	Southampton	Leicester	62.0	38.0	6.0	1.0	2.0	0.0	7.0	2.0	1.0	0.0	265.0	171.0	73.0	30.0	51.0	13.0	0.0	0.0	2.0	2.0	52.0	48.0	11.0	8.0	5.0	5.0	10.0	3.0	3.0	1.0	447.0	425.0	109.0	79.0	67.0	32.0	69.57	1.88	0.83	76.73	1.99	0.6
25	26.08.2018	Watford	Crystal Palace	47.0	53.0	5.0	4.0	1.0	2.0	2.0	0.0	2.0	1.0	204.0	236.0	57.0	61.0	21.0	24.0	0.0	0.0	4.0	1.0	44.0	56.0	13.0	9.0	5.0	3.0	6.0	3.0	4.0	2.0	331.0	436.0	92.0	112.0	62.0	48.0	66.62	1.93	0.99	71.06	1.9	0.78
26	20.10.2018	Huddersfield	Liverpool	42.0	58.0	5.0	4.0	0.0	1.0	1.0	0.0	0.0	1.0	224.0	315.0	41.0	80.0	29.0	19.0	0.0	1.0	0.0	1.0	48.0	52.0	13.0	11.0	1.0	2.0	2.0	4.0	0.0	2.0	521.0	585.0	105.0	143.0	56.0	45.0	79.93	2.38	0.72	92.6	2.86	0.26
27	12.05.2019	Watford	West Ham	56.0	44.0	11.0	6.0	5.0	4.0	4.0	1.0	0.0	0.0	231.0	183.0	58.0	47.0	37.0	16.0	0.0	2.0	2.0	4.0	48.0	52.0	17.0	16.0	8.0	9.0	7.0	2.0	1.0	0.0	419.0	460.0	103.0	101.0	67.0	50.0	66.62	1.93	0.99	69.4	2.0	0.92
28	08.12.2018	West Ham	Crystal Palace	58.0	42.0	3.0	3.0	1.0	2.0	3.0	0.0	1.0	0.0	255.0	192.0	60.0	61.0	41.0	29.0	0.0	1.0	6.0	2.0	49.0	51.0	13.0	8.0	6.0	4.0	5.0	3.0	1.0	2.0	430.0	474.0	107.0	127.0	64.0	59.0	69.4	2.0	0.92	71.06	1.9	0.78
29	24.11.2018	Manchester Utd	Crystal Palace	57.0	43.0	7.0	4.0	2.0	0.0	3.0	2.0	0.0	2.0	257.0	193.0	63.0	40.0	33.0	17.0	0.0	0.0	0.0	0.0	60.0	40.0	12.0	13.0	5.0	2.0	10.0	3.0	1.0	2.0	509.0	351.0	115.0	86.0	79.0	36.0	82.17	2.32	0.57	71.06	1.9	0.78
30	31.03.2019	Liverpool	Tottenham	57.0	43.0	5.0	5.0	1.0	0.0	3.0	1.0	0.0	0.0	287.0	223.0	57.0	47.0	21.0	17.0	1.0	0.0	2.0	1.0	49.0	51.0	14.0	11.0	3.0	2.0	10.0	3.0	0.0	1.0	445.0	485.0	97.0	97.0	50.0	41.0	92.6	2.86	0.26	83.73	2.37	0.52
31	02.02.2019	Tottenham	Newcastle	72.0	28.0	8.0	3.0	1.0	0.0	2.0	2.0	0.0	0.0	404.0	153.0	92.0	42.0	50.0	14.0	0.0	0.0	2.0	0.0	72.0	28.0	21.0	8.0	4.0	2.0	6.0	3.0	0.0	1.0	744.0	295.0	163.0	89.0	93.0	24.0	83.73	2.37	0.52	69.14	1.76	0.75
32	25.11.2018	Bournemouth	Arsenal	44.0	56.0	4.0	10.0	2.0	3.0	2.0	3.0	0.0	1.0	203.0	268.0	28.0	40.0	7.0	28.0	1.0	1.0	0.0	2.0	41.0	59.0	11.0	20.0	5.0	4.0	5.0	8.0	2.0	1.0	394.0	574.0	70.0	106.0	35.0	72.0	68.07	2.04	1.02	79.93	2.38	0.72
33	25.08.2018	Wolves	Manchester City	30.0	70.0	5.0	6.0	0.0	3.0	2.0	2.0	1.0	1.0	153.0	362.0	43.0	81.0	16.0	27.0	0.0	0.0	2.0	1.0	29.0	71.0	11.0	18.0	2.0	6.0	5.0	9.0	1.0	2.0	260.0	644.0	64.0	174.0	24.0	70.0	73.43	1.9	0.69	94.69	3.09	0.2
34	28.04.2019	Manchester Utd	Chelsea	56.0	44.0	4.0	7.0	2.0	2.0	5.0	3.0	1.0	0.0	263.0	194.0	46.0	43.0	37.0	35.0	1.0	1.0	0.0	1.0	52.0	48.0	7.0	16.0	5.0	3.0	6.0	6.0	3.0	2.0	467.0	422.0	107.0	95.0	56.0	63.0	82.17	2.32	0.57	83.5	2.39	0.55
35	28.10.2018	Burnley	Chelsea	33.0	67.0	4.0	8.0	0.0	4.0	1.0	3.0	1.0	2.0	195.0	415.0	49.0	75.0	20.0	20.0	0.0	1.0	0.0	4.0	30.0	70.0	7.0	24.0	1.0	8.0	4.0	4.0	4.0	2.0	325.0	796.0	92.0	122.0	39.0	40.0	69.1	1.84	0.82	83.5	2.39	0.55
36	14.04.2019	Liverpool	Chelsea	62.0	38.0	4.0	3.0	1.0	1.0	2.0	0.0	0.0	1.0	343.0	210.0	71.0	44.0	44.0	16.0	0.0	0.0	4.0	0.0	62.0	38.0	15.0	6.0	7.0	3.0	9.0	2.0	0.0	1.0	646.0	401.0	144.0	89.0	84.0	40.0	92.6	2.86	0.26	83.5	2.39	0.55
37	08.12.2018	Chelsea	Manchester City	37.0	63.0	1.0	5.0	1.0	2.0	0.0	4.0	0.0	0.0	226.0	368.0	32.0	90.0	5.0	35.0	1.0	0.0	2.0	0.0	39.0	61.0	8.0	14.0	5.0	4.0	1.0	13.0	2.0	0.0	410.0	640.0	67.0	160.0	19.0	72.0	83.5	2.39	0.55	94.69	3.09	0.2
38	24.11.2018	Brighton	Leicester	52.0	48.0	7.0	0.0	2.0	0.0	3.0	0.0	0.0	3.0	220.0	214.0	51.0	51.0	18.0	23.0	1.0	0.0	0.0	1.0	55.0	45.0	14.0	8.0	3.0	3.0	6.0	1.0	3.0	3.0	431.0	369.0	111.0	98.0	54.0	53.0	64.86	1.7	0.88	76.73	1.99	0.6
39	04.12.2018	West Ham	Cardiff	62.0	38.0	8.0	5.0	4.0	3.0	5.0	2.0	1.0	1.0	211.0	128.0	52.0	46.0	16.0	19.0	0.0	0.0	6.0	1.0	61.0	39.0	17.0	9.0	11.0	5.0	10.0	4.0	1.0	2.0	461.0	295.0	112.0	120.0	38.0	33.0	69.4	2.0	0.92	66.62	1.93	0.99
40	19.01.2019	Bournemouth	West Ham	49.0	51.0	3.0	4.0	0.0	0.0	1.0	1.0	0.0	1.0	235.0	244.0	53.0	55.0	33.0	16.0	0.0	0.0	4.0	0.0	39.0	61.0	10.0	9.0	4.0	1.0	2.0	3.0	0.0	1.0	359.0	582.0	98.0	122.0	60.0	61.0	68.07	2.04	1.02	69.4	2.0	0.92
41	15.12.2018	Crystal Palace	Leicester	50.0	50.0	2.0	4.0	1.0	1.0	3.0	1.0	1.0	0.0	239.0	234.0	67.0	54.0	23.0	21.0	1.0	0.0	0.0	0.0	43.0	57.0	8.0	12.0	1.0	2.0	4.0	4.0	2.0	1.0	384.0	495.0	113.0	128.0	43.0	58.0	71.06	1.9	0.78	76.73	1.99	0.6
42	10.11.2018	Southampton	Watford	46.0	54.0	7.0	5.0	3.0	3.0	4.0	1.0	1.0	0.0	189.0	224.0	48.0	49.0	24.0	26.0	1.0	0.0	0.0	1.0	42.0	58.0	14.0	12.0	4.0	6.0	7.0	6.0	3.0	2.0	306.0	421.0	81.0	102.0	41.0	50.0	69.57	1.88	0.83	66.62	1.93	0.99
43	25.08.2018	Liverpool	Brighton	68.0	32.0	9.0	1.0	5.0	1.0	3.0	1.0	0.0	0.0	404.0	193.0	92.0	35.0	36.0	8.0	1.0	0.0	0.0	0.0	70.0	30.0	22.0	6.0	8.0	2.0	8.0	5.0	1.0	1.0	765.0	327.0	177.0	67.0	83.0	31.0	92.6	2.86	0.26	64.86	1.7	0.88
44	16.03.2019	Burnley	Leicester	51.0	49.0	4.0	6.0	1.0	2.0	5.0	2.0	1.0	1.0	190.0	182.0	55.0	43.0	25.0	25.0	1.0	1.0	0.0	2.0	62.0	38.0	13.0	9.0	2.0	4.0	9.0	3.0	1.0	1.0	472.0	294.0	127.0	68.0	78.0	31.0	69.1	1.84	0.82	76.73	1.99	0.6
45	01.01.2019	Arsenal	Fulham	64.0	36.0	7.0	5.0	4.0	1.0	4.0	1.0	0.0	0.0	297.0	161.0	63.0	55.0	39.0	19.0	1.0	0.0	6.0	1.0	60.0	40.0	16.0	9.0	9.0	4.0	8.0	3.0	0.0	1.0	542.0	365.0	105.0	114.0	77.0	33.0	79.93	2.38	0.72	69.57	1.88	0.83
46	30.12.2018	Southampton	Manchester City	28.0	72.0	2.0	7.0	2.0	4.0	2.0	4.0	0.0	1.0	136.0	354.0	38.0	91.0	8.0	38.0	1.0	3.0	0.0	3.0	24.0	76.0	5.0	14.0	4.0	6.0	3.0	8.0	2.0	3.0	235.0	783.0	74.0	174.0	18.0	73.0	69.57	1.88	0.83	94.69	3.09	0.2
47	02.01.2019	Huddersfield	Burnley	49.0	51.0	6.0	7.0	2.0	4.0	3.0	0.0	2.0	2.0	203.0	204.0	63.0	74.0	20.0	35.0	1.0	1.0	0.0	2.0	43.0	57.0	9.0	16.0	2.0	8.0	5.0	2.0	2.0	4.0	361.0	483.0	117.0	156.0	36.0	59.0	79.93	2.38	0.72	69.1	1.84	0.82
48	12.01.2019	Brighton	Liverpool	22.0	78.0	2.0	4.0	0.0	0.0	0.0	2.0	0.0	0.0	132.0	460.0	38.0	84.0	10.0	27.0	0.0	0.0	0.0	1.0	29.0	71.0	7.0	10.0	0.0	3.0	2.0	7.0	0.0	0.0	301.0	755.0	80.0	158.0	31.0	58.0	64.86	1.7	0.88	92.6	2.86	0.26
49	15.12.2018	Manchester City	Everton	71.0	29.0	9.0	2.0	3.0	0.0	5.0	0.0	0.0	1.0	366.0	145.0	88.0	22.0	39.0	14.0	1.0	0.0	4.0	1.0	67.0	33.0	13.0	9.0	5.0	2.0	6.0	2.0	1.0	2.0	705.0	335.0	149.0	80.0	61.0	34.0	94.69	3.09	0.2	77.62	2.01	0.58
50	28.04.2019	Burnley	Manchester City	31.0	69.0	1.0	7.0	0.0	2.0	0.0	3.0	0.0	0.0	137.0	300.0	45.0	68.0	12.0	31.0	0.0	0.0	0.0	1.0	30.0	70.0	2.0	25.0	0.0	7.0	0.0	6.0	1.0	1.0	263.0	608.0	92.0	133.0	25.0	75.0	69.1	1.84	0.82	94.69	3.09	0.2
51	30.12.2018	Crystal Palace	Chelsea	35.0	65.0	1.0	9.0	0.0	2.0	2.0	3.0	0.0	1.0	207.0	388.0	38.0	82.0	10.0	46.0	0.0	0.0	0.0	1.0	34.0	66.0	4.0	12.0	0.0	4.0	3.0	4.0	0.0	1.0	394.0	781.0	82.0	167.0	35.0	87.0	71.06	1.9	0.78	83.5	2.39	0.55
52	08.12.2018	Manchester Utd	Fulham	67.0	33.0	10.0	2.0	5.0	1.0	8.0	1.0	1.0	1.0	330.0	164.0	61.0	47.0	41.0	10.0	3.0	0.0	2.0	1.0	63.0	37.0	20.0	10.0	11.0	4.0	10.0	3.0	1.0	3.0	625.0	376.0	120.0	117.0	65.0	42.0	82.17	2.32	0.57	69.57	1.88	0.83
53	01.09.2018	Manchester City	Newcastle	76.0	24.0	11.0	1.0	3.0	1.0	3.0	0.0	0.0	0.0	382.0	126.0	98.0	44.0	39.0	12.0	1.0	1.0	2.0	1.0	78.0	22.0	24.0	3.0	8.0	2.0	4.0	0.0	0.0	0.0	767.0	217.0	172.0	69.0	78.0	20.0	94.69	3.09	0.2	69.14	1.76	0.75
54	05.12.2018	Everton	Newcastle	76.0	24.0	13.0	3.0	3.0	1.0	10.0	2.0	0.0	0.0	322.0	99.0	71.0	40.0	42.0	10.0	1.0	1.0	0.0	1.0	76.0	24.0	19.0	8.0	3.0	5.0	14.0	2.0	0.0	5.0	647.0	205.0	167.0	74.0	101.0	19.0	77.62	2.01	0.58	69.14	1.76	0.75
55	02.03.2019	Tottenham	Arsenal	65.0	35.0	7.0	3.0	2.0	2.0	3.0	1.0	0.0	0.0	302.0	161.0	71.0	33.0	35.0	15.0	0.0	1.0	2.0	1.0	60.0	40.0	10.0	9.0	3.0	4.0	3.0	4.0	3.0	2.0	508.0	334.0	139.0	84.0	45.0	42.0	83.73	2.37	0.52	79.93	2.38	0.72
56	22.09.2018	Manchester Utd	Wolves	60.0	40.0	3.0	4.0	2.0	3.0	1.0	3.0	1.0	0.0	336.0	224.0	70.0	43.0	28.0	26.0	1.0	0.0	0.0	1.0	64.0	36.0	15.0	11.0	6.0	8.0	5.0	4.0	1.0	1.0	684.0	379.0	139.0	77.0	60.0	44.0	82.17	2.32	0.57	73.43	1.9	0.69
57	17.03.2019	Everton	Chelsea	33.0	67.0	3.0	10.0	1.0	3.0	0.0	2.0	0.0	1.0	169.0	340.0	38.0	88.0	10.0	36.0	0.0	0.0	4.0	0.0	33.0	67.0	15.0	16.0	8.0	5.0	3.0	4.0	1.0	2.0	314.0	666.0	78.0	152.0	38.0	72.0	77.62	2.01	0.58	83.5	2.39	0.55
58	07.10.2018	Liverpool	Manchester City	43.0	57.0	2.0	1.0	0.0	0.0	2.0	4.0	0.0	1.0	241.0	317.0	46.0	65.0	18.0	19.0	0.0	0.0	0.0	0.0	49.0	51.0	7.0	6.0	2.0	2.0	2.0	6.0	1.0	3.0	515.0	528.0	96.0	120.0	46.0	41.0	92.6	2.86	0.26	94.69	3.09	0.2
59	12.01.2019	Chelsea	Newcastle	66.0	34.0	5.0	5.0	2.0	2.0	3.0	3.0	0.0	1.0	373.0	190.0	78.0	47.0	26.0	14.0	1.0	1.0	2.0	1.0	66.0	34.0	10.0	9.0	6.0	2.0	8.0	5.0	1.0	1.0	698.0	351.0	144.0	97.0	62.0	30.0	83.5	2.39	0.55	69.14	1.76	0.75
60	26.12.2018	Brighton	Arsenal	30.0	70.0	6.0	6.0	3.0	4.0	3.0	3.0	1.0	0.0	155.0	327.0	39.0	51.0	23.0	23.0	1.0	1.0	0.0	1.0	32.0	68.0	12.0	7.0	3.0	4.0	4.0	9.0	2.0	1.0	324.0	711.0	91.0	117.0	43.0	56.0	64.86	1.7	0.88	79.93	2.38	0.72
61	29.01.2019	Fulham	Brighton	63.0	37.0	6.0	8.0	1.0	3.0	7.0	0.0	1.0	2.0	310.0	184.0	72.0	48.0	39.0	15.0	0.0	2.0	8.0	2.0	62.0	38.0	24.0	15.0	7.0	6.0	10.0	1.0	2.0	3.0	623.0	382.0	127.0	106.0	81.0	54.0	69.57	1.88	0.83	64.86	1.7	0.88
62	19.01.2019	Manchester Utd	Brighton	62.0	38.0	12.0	6.0	3.0	2.0	4.0	3.0	0.0	0.0	253.0	150.0	50.0	46.0	30.0	25.0	2.0	0.0	0.0	1.0	56.0	44.0	20.0	7.0	5.0	3.0	6.0	5.0	1.0	0.0	507.0	391.0	113.0	109.0	47.0	42.0	82.17	2.32	0.57	64.86	1.7	0.88
63	26.04.2019	Liverpool	Huddersfield	67.0	33.0	9.0	3.0	4.0	0.0	2.0	3.0	0.0	0.0	342.0	167.0	65.0	36.0	19.0	20.0	3.0	0.0	4.0	0.0	70.0	30.0	21.0	5.0	7.0	1.0	4.0	4.0	0.0	0.0	726.0	306.0	136.0	72.0	38.0	30.0	92.6	2.86	0.26	79.93	2.38	0.72
64	12.01.2019	Leicester	Southampton	54.0	46.0	4.0	6.0	2.0	3.0	6.0	2.0	2.0	2.0	190.0	161.0	66.0	59.0	25.0	18.0	0.0	2.0	2.0	2.0	72.0	28.0	23.0	8.0	6.0	3.0	10.0	3.0	2.0	3.0	552.0	227.0	174.0	81.0	109.0	21.0	76.73	1.99	0.6	69.57	1.88	0.83
65	08.12.2018	Arsenal	Huddersfield	60.0	40.0	5.0	4.0	1.0	0.0	2.0	0.0	4.0	3.0	272.0	174.0	58.0	46.0	23.0	16.0	0.0	0.0	2.0	0.0	62.0	38.0	14.0	6.0	2.0	0.0	7.0	1.0	5.0	4.0	525.0	323.0	114.0	104.0	54.0	36.0	79.93	2.38	0.72	79.93	2.38	0.72
66	12.05.2019	Tottenham	Everton	59.0	41.0	6.0	10.0	1.0	4.0	3.0	1.0	0.0	0.0	335.0	228.0	63.0	60.0	28.0	14.0	1.0	0.0	2.0	2.0	55.0	45.0	11.0	17.0	3.0	9.0	7.0	4.0	0.0	2.0	543.0	436.0	120.0	122.0	51.0	37.0	83.73	2.37	0.52	77.62	2.01	0.58
67	12.01.2019	Burnley	Fulham	54.0	46.0	8.0	3.0	0.0	1.0	0.0	1.0	0.0	1.0	272.0	227.0	71.0	72.0	25.0	25.0	2.0	1.0	0.0	1.0	42.0	58.0	11.0	12.0	0.0	4.0	2.0	6.0	1.0	2.0	419.0	564.0	123.0	144.0	37.0	60.0	69.1	1.84	0.82	69.57	1.88	0.83
68	04.05.2019	Newcastle	Liverpool	29.0	71.0	7.0	7.0	5.0	3.0	0.0	1.0	1.0	0.0	152.0	365.0	47.0	79.0	11.0	17.0	1.0	2.0	2.0	3.0	31.0	69.0	14.0	11.0	7.0	4.0	2.0	3.0	1.0	1.0	294.0	677.0	105.0	150.0	27.0	41.0	69.14	1.76	0.75	92.6	2.86	0.26
69	06.10.2018	Manchester Utd	Newcastle	72.0	28.0	6.0	9.0	2.0	6.0	7.0	2.0	1.0	0.0	307.0	118.0	64.0	38.0	39.0	25.0	0.0	2.0	6.0	2.0	73.0	27.0	18.0	13.0	10.0	8.0	10.0	6.0	2.0	2.0	610.0	222.0	138.0	73.0	80.0	46.0	82.17	2.32	0.57	69.14	1.76	0.75
70	16.12.2018	Liverpool	Manchester Utd	61.0	39.0	16.0	3.0	5.0	2.0	7.0	0.0	0.0	2.0	265.0	176.0	79.0	49.0	34.0	8.0	1.0	1.0	4.0	1.0	64.0	36.0	36.0	6.0	11.0	2.0	13.0	2.0	0.0	2.0	562.0	321.0	154.0	85.0	97.0	27.0	92.6	2.86	0.26	82.17	2.32	0.57
71	12.08.2018	Arsenal	Manchester City	40.0	60.0	4.0	8.0	2.0	4.0	0.0	6.0	1.0	1.0	201.0	300.0	49.0	62.0	16.0	37.0	0.0	1.0	0.0	2.0	42.0	58.0	9.0	17.0	3.0	8.0	2.0	10.0	2.0	2.0	401.0	555.0	98.0	121.0	43.0	54.0	79.93	2.38	0.72	94.69	3.09	0.2
72	25.08.2018	Arsenal	West Ham	61.0	39.0	7.0	8.0	2.0	3.0	2.0	1.0	0.0	1.0	269.0	173.0	67.0	42.0	28.0	26.0	1.0	1.0	4.0	1.0	61.0	39.0	17.0	13.0	10.0	5.0	7.0	2.0	1.0	3.0	544.0	341.0	104.0	72.0	58.0	45.0	79.93	2.38	0.72	69.4	2.0	0.92
73	30.12.2018	Manchester Utd	Bournemouth	64.0	36.0	5.0	4.0	4.0	3.0	2.0	4.0	1.0	0.0	323.0	170.0	51.0	25.0	21.0	24.0	3.0	1.0	2.0	1.0	64.0	36.0	11.0	7.0	8.0	3.0	4.0	5.0	2.0	0.0	681.0	355.0	118.0	70.0	51.0	46.0	82.17	2.32	0.57	68.07	2.04	1.02
74	16.03.2019	Bournemouth	Newcastle	55.0	45.0	2.0	4.0	0.0	3.0	2.0	1.0	2.0	1.0	256.0	205.0	56.0	47.0	20.0	17.0	0.0	1.0	4.0	2.0	49.0	51.0	10.0	12.0	3.0	4.0	6.0	6.0	3.0	2.0	403.0	423.0	90.0	99.0	47.0	46.0	68.07	2.04	1.02	69.14	1.76	0.75
75	16.09.2018	Wolves	Burnley	60.0	40.0	14.0	4.0	6.0	1.0	5.0	0.0	0.0	2.0	306.0	205.0	67.0	41.0	33.0	9.0	0.0	0.0	2.0	0.0	59.0	41.0	30.0	7.0	7.0	2.0	8.0	2.0	2.0	4.0	567.0	395.0	132.0	109.0	71.0	31.0	73.43	1.9	0.69	69.1	1.84	0.82
76	29.12.2018	Tottenham	Wolves	67.0	33.0	10.0	3.0	3.0	0.0	3.0	4.0	2.0	0.0	357.0	164.0	65.0	42.0	24.0	20.0	1.0	0.0	0.0	3.0	61.0	39.0	10.0	11.0	3.0	4.0	6.0	7.0	3.0	2.0	665.0	416.0	134.0	97.0	53.0	56.0	83.73	2.37	0.52	73.43	1.9	0.69
77	24.11.2018	West Ham	Manchester City	31.0	69.0	4.0	5.0	1.0	3.0	4.0	1.0	0.0	0.0	155.0	363.0	36.0	72.0	26.0	19.0	0.0	3.0	0.0	4.0	31.0	69.0	9.0	9.0	1.0	6.0	8.0	1.0	0.0	0.0	359.0	839.0	93.0	154.0	52.0	46.0	69.4	2.0	0.92	94.69	3.09	0.2
78	29.09.2018	Newcastle	Leicester	38.0	62.0	3.0	8.0	1.0	4.0	2.0	5.0	0.0	0.0	165.0	265.0	53.0	64.0	9.0	23.0	0.0	1.0	0.0	2.0	41.0	59.0	6.0	12.0	1.0	5.0	5.0	9.0	0.0	0.0	374.0	524.0	103.0	116.0	27.0	41.0	69.14	1.76	0.75	76.73	1.99	0.6
79	08.04.2019	Chelsea	West Ham	56.0	44.0	7.0	1.0	3.0	0.0	3.0	1.0	0.0	1.0	260.0	200.0	63.0	44.0	34.0	20.0	1.0	0.0	2.0	0.0	54.0	46.0	16.0	9.0	7.0	2.0	7.0	4.0	2.0	1.0	485.0	406.0	117.0	88.0	68.0	50.0	83.5	2.39	0.55	69.4	2.0	0.92
80	27.04.2019	Crystal Palace	Everton	32.0	68.0	6.0	11.0	0.0	2.0	1.0	4.0	1.0	0.0	155.0	324.0	47.0	83.0	16.0	38.0	0.0	0.0	0.0	0.0	36.0	64.0	8.0	22.0	0.0	3.0	5.0	10.0	2.0	0.0	313.0	543.0	105.0	142.0	41.0	88.0	71.06	1.9	0.78	77.62	2.01	0.58
81	29.09.2018	Wolves	Southampton	47.0	53.0	9.0	7.0	3.0	3.0	2.0	3.0	0.0	0.0	223.0	253.0	62.0	78.0	21.0	13.0	0.0	0.0	4.0	0.0	49.0	51.0	14.0	17.0	6.0	6.0	8.0	6.0	3.0	1.0	425.0	444.0	113.0	124.0	38.0	41.0	73.43	1.9	0.69	69.57	1.88	0.83
82	02.02.2019	Burnley	Southampton	45.0	55.0	5.0	5.0	1.0	2.0	1.0	0.0	2.0	0.0	189.0	243.0	68.0	70.0	24.0	19.0	0.0	0.0	2.0	1.0	54.0	46.0	15.0	10.0	6.0	4.0	4.0	2.0	3.0	1.0	457.0	404.0	152.0	121.0	65.0	37.0	69.1	1.84	0.82	69.57	1.88	0.83
83	08.12.2018	Burnley	Brighton	42.0	58.0	9.0	4.0	4.0	0.0	1.0	1.0	0.0	0.0	195.0	268.0	55.0	63.0	15.0	30.0	1.0	0.0	0.0	0.0	38.0	62.0	14.0	14.0	4.0	1.0	2.0	7.0	2.0	0.0	307.0	515.0	111.0	115.0	31.0	50.0	69.1	1.84	0.82	64.86	1.7	0.88
84	05.04.2019	Southampton	Liverpool	31.0	69.0	4.0	7.0	1.0	2.0	3.0	1.0	0.0	0.0	147.0	342.0	43.0	77.0	23.0	26.0	1.0	1.0	0.0	3.0	33.0	67.0	11.0	17.0	1.0	5.0	7.0	5.0	2.0	4.0	272.0	565.0	78.0	139.0	42.0	61.0	69.57	1.88	0.83	92.6	2.86	0.26
85	19.01.2019	Arsenal	Chelsea	39.0	61.0	10.0	6.0	5.0	0.0	4.0	4.0	0.0	1.0	194.0	301.0	42.0	64.0	38.0	37.0	2.0	0.0	0.0	0.0	36.0	64.0	13.0	13.0	5.0	1.0	5.0	6.0	0.0	2.0	355.0	647.0	83.0	142.0	55.0	94.0	79.93	2.38	0.72	83.5	2.39	0.55
86	23.02.2019	Leicester	Crystal Palace	68.0	32.0	14.0	3.0	4.0	1.0	3.0	2.0	1.0	0.0	289.0	136.0	78.0	37.0	35.0	13.0	0.0	1.0	2.0	4.0	65.0	35.0	27.0	7.0	5.0	5.0	8.0	3.0	2.0	1.0	541.0	289.0	151.0	76.0	86.0	30.0	76.73	1.99	0.6	71.06	1.9	0.78
87	12.05.2019	Leicester	Chelsea	49.0	51.0	5.0	8.0	3.0	3.0	1.0	4.0	0.0	1.0	267.0	282.0	40.0	60.0	24.0	27.0	0.0	0.0	0.0	0.0	47.0	53.0	9.0	14.0	3.0	4.0	4.0	5.0	0.0	1.0	470.0	533.0	82.0	125.0	52.0	53.0	76.73	1.99	0.6	83.5	2.39	0.55
88	23.02.2019	Burnley	Tottenham	28.0	72.0	2.0	8.0	0.0	3.0	1.0	1.0	0.0	0.0	110.0	298.0	43.0	56.0	32.0	27.0	0.0	0.0	4.0	1.0	31.0	69.0	10.0	17.0	4.0	6.0	7.0	6.0	1.0	3.0	214.0	504.0	82.0	115.0	58.0	69.0	69.1	1.84	0.82	83.73	2.37	0.52
89	04.11.2018	Chelsea	Crystal Palace	77.0	23.0	7.0	3.0	1.0	0.0	2.0	1.0	0.0	0.0	422.0	124.0	100.0	32.0	44.0	13.0	1.0	0.0	4.0	1.0	74.0	26.0	15.0	7.0	6.0	2.0	4.0	2.0	0.0	1.0	883.0	313.0	186.0	88.0	71.0	30.0	83.5	2.39	0.55	71.06	1.9	0.78
90	26.12.2018	Crystal Palace	Cardiff	61.0	39.0	8.0	5.0	1.0	2.0	2.0	0.0	0.0	2.0	276.0	171.0	67.0	44.0	38.0	18.0	0.0	0.0	0.0	0.0	63.0	37.0	31.0	9.0	5.0	4.0	12.0	1.0	0.0	3.0	487.0	303.0	125.0	90.0	88.0	39.0	71.06	1.9	0.78	66.62	1.93	0.99
91	10.08.2018	Manchester Utd	Leicester	46.0	54.0	4.0	5.0	3.0	2.0	0.0	4.0	0.0	0.0	248.0	273.0	58.0	68.0	18.0	38.0	1.0	0.0	2.0	1.0	46.0	54.0	8.0	13.0	6.0	4.0	2.0	5.0	2.0	1.0	485.0	543.0	111.0	126.0	33.0	83.0	82.17	2.32	0.57	76.73	1.99	0.6
92	02.03.2019	Wolves	Cardiff	53.0	47.0	7.0	6.0	3.0	2.0	3.0	3.0	1.0	1.0	206.0	180.0	50.0	78.0	13.0	37.0	2.0	0.0	0.0	0.0	56.0	44.0	13.0	12.0	6.0	4.0	7.0	8.0	1.0	2.0	473.0	354.0	112.0	154.0	32.0	83.0	73.43	1.9	0.69	66.62	1.93	0.99
93	22.12.2018	Chelsea	Leicester	76.0	24.0	10.0	3.0	2.0	1.0	4.0	4.0	0.0	1.0	392.0	114.0	94.0	24.0	58.0	21.0	0.0	0.0	0.0	1.0	72.0	28.0	17.0	8.0	5.0	3.0	9.0	5.0	0.0	2.0	693.0	262.0	169.0	71.0	104.0	53.0	83.5	2.39	0.55	76.73	1.99	0.6
94	06.10.2018	Watford	Bournemouth	52.0	48.0	10.0	6.0	2.0	4.0	5.0	3.0	3.0	0.0	203.0	181.0	58.0	26.0	17.0	12.0	0.0	3.0	0.0	4.0	47.0	53.0	14.0	10.0	2.0	7.0	10.0	7.0	5.0	1.0	374.0	428.0	102.0	77.0	49.0	46.0	66.62	1.93	0.99	68.07	2.04	1.02
95	12.08.2018	Southampton	Burnley	41.0	59.0	6.0	12.0	1.0	4.0	2.0	4.0	0.0	1.0	162.0	222.0	41.0	64.0	22.0	33.0	0.0	0.0	0.0	0.0	48.0	52.0	18.0	16.0	3.0	6.0	8.0	5.0	0.0	1.0	368.0	406.0	90.0	132.0	52.0	51.0	69.57	1.88	0.83	69.1	1.84	0.82
96	11.08.2018	Bournemouth	Cardiff	66.0	34.0	5.0	3.0	2.0	0.0	3.0	0.0	1.0	1.0	308.0	148.0	65.0	56.0	28.0	21.0	1.0	0.0	2.0	0.0	63.0	37.0	12.0	10.0	4.0	1.0	7.0	4.0	1.0	1.0	502.0	287.0	104.0	96.0	63.0	41.0	68.07	2.04	1.02	66.62	1.93	0.99
97	14.04.2019	Crystal Palace	Manchester City	22.0	78.0	2.0	7.0	1.0	3.0	0.0	5.0	0.0	0.0	125.0	385.0	31.0	91.0	7.0	51.0	0.0	1.0	2.0	3.0	27.0	73.0	7.0	20.0	3.0	6.0	2.0	9.0	0.0	0.0	274.0	721.0	77.0	169.0	25.0	92.0	71.06	1.9	0.78	94.69	3.09	0.2
98	01.09.2018	Crystal Palace	Southampton	35.0	65.0	5.0	10.0	1.0	1.0	1.0	4.0	0.0	0.0	161.0	297.0	46.0	75.0	20.0	36.0	0.0	0.0	0.0	2.0	51.0	49.0	20.0	19.0	6.0	6.0	7.0	4.0	1.0	1.0	432.0	423.0	122.0	110.0	62.0	47.0	71.06	1.9	0.78	69.57	1.88	0.83
99	02.09.2018	Watford	Tottenham	34.0	66.0	2.0	5.0	1.0	0.0	1.0	7.0	0.0	0.0	151.0	268.0	48.0	74.0	19.0	39.0	0.0	0.0	4.0	1.0	35.0	65.0	7.0	11.0	3.0	2.0	3.0	10.0	2.0	1.0	289.0	532.0	82.0	145.0	56.0	83.0	66.62	1.93	0.99	83.73	2.37	0.52
100	01.12.2018	Newcastle	West Ham	57.0	43.0	7.0	1.0	1.0	1.0	4.0	1.0	1.0	3.0	254.0	197.0	69.0	48.0	23.0	10.0	0.0	1.0	0.0	3.0	59.0	41.0	16.0	7.0	4.0	4.0	7.0	3.0	3.0	3.0	492.0	358.0	120.0	88.0	61.0	27.0	69.14	1.76	0.75	69.4	2.0	0.92
101	15.09.2018	Bournemouth	Leicester	51.0	49.0	4.0	7.0	3.0	3.0	0.0	0.0	1.0	2.0	207.0	197.0	37.0	57.0	10.0	21.0	3.0	0.0	2.0	2.0	47.0	53.0	10.0	14.0	5.0	8.0	4.0	6.0	3.0	4.0	360.0	398.0	68.0	110.0	32.0	55.0	68.07	2.04	1.02	76.73	1.99	0.6
102	15.04.2019	Watford	Arsenal	34.0	66.0	6.0	12.0	2.0	4.0	6.0	2.0	0.0	0.0	163.0	327.0	34.0	50.0	25.0	26.0	0.0	1.0	0.0	1.0	34.0	66.0	11.0	19.0	3.0	6.0	6.0	4.0	2.0	0.0	327.0	660.0	82.0	109.0	47.0	59.0	66.62	1.93	0.99	79.93	2.38	0.72
103	27.02.2019	Arsenal	Bournemouth	66.0	34.0	6.0	5.0	2.0	2.0	6.0	0.0	1.0	1.0	372.0	193.0	72.0	40.0	41.0	17.0	2.0	1.0	6.0	1.0	65.0	35.0	16.0	13.0	6.0	5.0	9.0	4.0	2.0	2.0	650.0	346.0	127.0	80.0	68.0	36.0	79.93	2.38	0.72	68.07	2.04	1.02
104	01.12.2018	Crystal Palace	Burnley	59.0	41.0	9.0	0.0	3.0	0.0	4.0	0.0	0.0	1.0	299.0	203.0	73.0	56.0	38.0	28.0	1.0	0.0	2.0	0.0	59.0	41.0	29.0	4.0	9.0	0.0	10.0	2.0	1.0	1.0	518.0	357.0	123.0	103.0	81.0	55.0	71.06	1.9	0.78	69.1	1.84	0.82
105	01.12.2018	Leicester	Watford	35.0	65.0	4.0	3.0	2.0	0.0	2.0	6.0	0.0	0.0	138.0	256.0	33.0	65.0	14.0	34.0	2.0	0.0	0.0	0.0	38.0	62.0	7.0	8.0	3.0	0.0	4.0	8.0	2.0	1.0	303.0	496.0	84.0	124.0	35.0	72.0	76.73	1.99	0.6	66.62	1.93	0.99
106	13.04.2019	Burnley	Cardiff	48.0	52.0	9.0	4.0	4.0	1.0	5.0	1.0	2.0	1.0	124.0	150.0	32.0	39.0	15.0	16.0	1.0	0.0	2.0	0.0	46.0	54.0	14.0	14.0	7.0	2.0	8.0	4.0	2.0	4.0	280.0	349.0	108.0	118.0	56.0	43.0	69.1	1.84	0.82	66.62	1.93	0.99
107	30.11.2018	Cardiff	Wolves	51.0	49.0	8.0	5.0	0.0	2.0	4.0	3.0	0.0	0.0	170.0	169.0	75.0	49.0	24.0	15.0	0.0	1.0	4.0	1.0	48.0	52.0	17.0	15.0	3.0	4.0	7.0	6.0	1.0	2.0	312.0	345.0	142.0	103.0	53.0	51.0	66.62	1.93	0.99	73.43	1.9	0.69
108	02.02.2019	Brighton	Watford	53.0	47.0	7.0	1.0	1.0	0.0	2.0	0.0	1.0	0.0	238.0	217.0	62.0	56.0	34.0	18.0	0.0	0.0	0.0	0.0	55.0	45.0	21.0	5.0	4.0	0.0	7.0	0.0	1.0	0.0	456.0	383.0	120.0	102.0	85.0	33.0	64.86	1.7	0.88	66.62	1.93	0.99
109	16.12.2018	Southampton	Arsenal	38.0	62.0	9.0	3.0	5.0	2.0	2.0	1.0	0.0	0.0	199.0	321.0	56.0	61.0	18.0	19.0	2.0	1.0	2.0	2.0	34.0	66.0	12.0	13.0	7.0	4.0	4.0	5.0	3.0	1.0	317.0	629.0	87.0	118.0	30.0	56.0	69.57	1.88	0.83	79.93	2.38	0.72
110	27.04.2019	Southampton	Bournemouth	46.0	54.0	11.0	3.0	3.0	3.0	4.0	2.0	2.0	1.0	182.0	216.0	0.0	42.0	32.0	23.0	1.0	2.0	4.0	3.0	44.0	56.0	22.0	9.0	7.0	5.0	9.0	3.0	2.0	1.0	351.0	459.0	129.0	80.0	66.0	36.0	69.57	1.88	0.83	68.07	2.04	1.02
111	12.01.2019	Cardiff	Huddersfield	37.0	63.0	1.0	6.0	0.0	0.0	1.0	5.0	1.0	1.0	108.0	185.0	61.0	62.0	17.0	29.0	0.0	0.0	0.0	0.0	39.0	61.0	3.0	14.0	0.0	2.0	3.0	10.0	3.0	1.0	270.0	425.0	129.0	122.0	40.0	53.0	66.62	1.93	0.99	79.93	2.38	0.72
112	02.04.2019	Wolves	Manchester Utd	50.0	50.0	7.0	7.0	2.0	3.0	1.0	1.0	0.0	2.0	250.0	255.0	51.0	59.0	14.0	24.0	1.0	1.0	2.0	1.0	49.0	51.0	9.0	18.0	2.0	4.0	3.0	5.0	1.0	4.0	510.0	515.0	99.0	134.0	34.0	49.0	73.43	1.9	0.69	82.17	2.32	0.57
113	20.10.2018	Bournemouth	Southampton	59.0	41.0	3.0	4.0	0.0	1.0	1.0	2.0	0.0	2.0	255.0	176.0	49.0	53.0	24.0	16.0	0.0	0.0	0.0	0.0	57.0	43.0	9.0	8.0	2.0	4.0	6.0	4.0	1.0	2.0	458.0	346.0	94.0	113.0	60.0	43.0	68.07	2.04	1.02	69.57	1.88	0.83
114	15.12.2018	Fulham	West Ham	52.0	48.0	12.0	3.0	4.0	2.0	2.0	1.0	1.0	1.0	234.0	214.0	75.0	48.0	29.0	13.0	0.0	2.0	0.0	2.0	56.0	44.0	16.0	6.0	4.0	3.0	6.0	4.0	2.0	1.0	498.0	391.0	136.0	92.0	63.0	42.0	69.57	1.88	0.83	69.4	2.0	0.92
115	22.12.2018	Huddersfield	Southampton	58.0	42.0	4.0	5.0	0.0	3.0	4.0	0.0	1.0	0.0	260.0	192.0	70.0	54.0	18.0	11.0	0.0	2.0	2.0	3.0	63.0	37.0	16.0	13.0	5.0	6.0	8.0	2.0	2.0	3.0	523.0	329.0	142.0	102.0	49.0	29.0	79.93	2.38	0.72	69.57	1.88	0.83
116	22.09.2018	Fulham	Watford	58.0	42.0	3.0	6.0	1.0	4.0	3.0	6.0	2.0	0.0	234.0	165.0	51.0	56.0	17.0	25.0	0.0	1.0	2.0	1.0	61.0	39.0	15.0	11.0	3.0	6.0	8.0	8.0	2.0	1.0	524.0	335.0	100.0	104.0	47.0	50.0	69.57	1.88	0.83	66.62	1.93	0.99
117	01.01.2019	Cardiff	Tottenham	28.0	72.0	1.0	4.0	1.0	3.0	4.0	1.0	0.0	0.0	155.0	420.0	61.0	46.0	20.0	14.0	0.0	3.0	0.0	3.0	27.0	73.0	6.0	13.0	3.0	4.0	5.0	3.0	1.0	0.0	290.0	823.0	92.0	122.0	34.0	35.0	66.62	1.93	0.99	83.73	2.37	0.52
118	19.01.2019	Watford	Burnley	55.0	45.0	6.0	5.0	3.0	1.0	0.0	3.0	0.0	0.0	238.0	184.0	57.0	61.0	20.0	32.0	0.0	0.0	0.0	0.0	55.0	45.0	9.0	11.0	4.0	3.0	1.0	7.0	1.0	2.0	412.0	330.0	116.0	103.0	39.0	59.0	66.62	1.93	0.99	69.1	1.84	0.82
119	23.04.2019	Watford	Southampton	59.0	41.0	7.0	6.0	1.0	3.0	0.0	2.0	2.0	2.0	308.0	204.0	57.0	52.0	25.0	19.0	0.0	1.0	2.0	1.0	62.0	38.0	15.0	8.0	4.0	4.0	3.0	4.0	5.0	2.0	599.0	359.0	128.0	101.0	53.0	50.0	66.62	1.93	0.99	69.57	1.88	0.83
120	20.01.2019	Fulham	Tottenham	31.0	69.0	9.0	4.0	3.0	1.0	7.0	5.0	0.0	0.0	134.0	303.0	44.0	80.0	17.0	31.0	1.0	0.0	0.0	2.0	27.0	73.0	12.0	14.0	4.0	5.0	7.0	10.0	2.0	3.0	246.0	679.0	89.0	159.0	25.0	82.0	69.57	1.88	0.83	83.73	2.37	0.52
121	29.09.2018	Arsenal	Watford	63.0	37.0	3.0	4.0	1.0	1.0	3.0	4.0	1.0	1.0	264.0	148.0	52.0	48.0	27.0	21.0	0.0	0.0	4.0	0.0	63.0	37.0	9.0	13.0	2.0	4.0	6.0	6.0	2.0	2.0	541.0	299.0	94.0	95.0	61.0	40.0	79.93	2.38	0.72	66.62	1.93	0.99
122	02.04.2019	Watford	Fulham	44.0	56.0	5.0	9.0	1.0	3.0	0.0	1.0	1.0	0.0	243.0	310.0	53.0	63.0	22.0	32.0	1.0	1.0	6.0	1.0	46.0	54.0	15.0	17.0	7.0	7.0	6.0	4.0	3.0	2.0	462.0	531.0	105.0	115.0	64.0	51.0	66.62	1.93	0.99	69.57	1.88	0.83
123	01.09.2018	Chelsea	Bournemouth	76.0	24.0	12.0	4.0	2.0	1.0	5.0	1.0	1.0	1.0	378.0	116.0	73.0	42.0	36.0	20.0	0.0	0.0	4.0	0.0	73.0	27.0	24.0	8.0	6.0	1.0	7.0	6.0	2.0	2.0	704.0	252.0	133.0	86.0	74.0	50.0	83.5	2.39	0.55	68.07	2.04	1.02
124	29.09.2018	Huddersfield	Tottenham	50.0	50.0	3.0	6.0	1.0	3.0	2.0	0.0	1.0	0.0	205.0	205.0	81.0	49.0	24.0	11.0	0.0	2.0	0.0	2.0	53.0	47.0	9.0	10.0	5.0	6.0	3.0	0.0	2.0	2.0	421.0	389.0	140.0	90.0	51.0	30.0	79.93	2.38	0.72	83.73	2.37	0.52
125	26.12.2018	Liverpool	Newcastle	73.0	27.0	7.0	3.0	3.0	1.0	6.0	1.0	0.0	0.0	355.0	125.0	89.0	40.0	32.0	19.0	1.0	0.0	6.0	0.0	75.0	25.0	16.0	6.0	8.0	2.0	10.0	2.0	0.0	0.0	723.0	233.0	164.0	85.0	69.0	29.0	92.6	2.86	0.26	69.14	1.76	0.75
126	05.10.2018	Brighton	West Ham	39.0	61.0	6.0	7.0	3.0	2.0	1.0	5.0	1.0	0.0	154.0	241.0	49.0	53.0	40.0	43.0	1.0	0.0	0.0	0.0	35.0	65.0	9.0	16.0	4.0	4.0	2.0	9.0	3.0	2.0	282.0	514.0	88.0	114.0	62.0	104.0	64.86	1.7	0.88	69.4	2.0	0.92
127	05.12.2018	Burnley	Liverpool	21.0	79.0	3.0	4.0	0.0	2.0	1.0	2.0	0.0	0.0	101.0	364.0	48.0	52.0	8.0	22.0	0.0	0.0	2.0	3.0	26.0	74.0	10.0	18.0	6.0	12.0	5.0	9.0	1.0	0.0	229.0	680.0	98.0	96.0	37.0	52.0	69.1	1.84	0.82	92.6	2.86	0.26
128	27.10.2018	Fulham	Bournemouth	46.0	54.0	6.0	8.0	1.0	2.0	4.0	1.0	1.0	0.0	247.0	280.0	52.0	71.0	14.0	45.0	0.0	1.0	0.0	3.0	52.0	48.0	11.0	12.0	1.0	5.0	5.0	5.0	4.0	1.0	547.0	495.0	113.0	116.0	41.0	68.0	69.57	1.88	0.83	68.07	2.04	1.02
129	10.03.2019	Chelsea	Wolves	77.0	23.0	5.0	0.0	1.0	0.0	4.0	0.0	0.0	1.0	453.0	136.0	116.0	23.0	57.0	5.0	0.0	0.0	2.0	1.0	76.0	24.0	22.0	2.0	6.0	1.0	13.0	0.0	1.0	4.0	820.0	277.0	206.0	52.0	121.0	14.0	83.5	2.39	0.55	73.43	1.9	0.69
130	03.03.2019	Fulham	Chelsea	31.0	69.0	5.0	11.0	2.0	4.0	2.0	2.0	1.0	0.0	189.0	409.0	41.0	64.0	27.0	33.0	1.0	2.0	0.0	2.0	36.0	64.0	12.0	21.0	5.0	7.0	5.0	4.0	2.0	1.0	384.0	694.0	75.0	120.0	53.0	56.0	69.57	1.88	0.83	83.5	2.39	0.55
131	20.10.2018	West Ham	Tottenham	39.0	61.0	3.0	8.0	1.0	2.0	4.0	4.0	0.0	0.0	174.0	277.0	54.0	63.0	22.0	23.0	0.0	1.0	0.0	1.0	44.0	56.0	13.0	10.0	4.0	2.0	10.0	6.0	3.0	0.0	377.0	506.0	113.0	104.0	70.0	35.0	69.4	2.0	0.92	83.73	2.37	0.52
132	12.04.2019	Leicester	Newcastle	74.0	26.0	4.0	7.0	3.0	4.0	0.0	2.0	1.0	0.0	435.0	154.0	64.0	27.0	12.0	6.0	0.0	1.0	0.0	1.0	71.0	29.0	12.0	11.0	5.0	5.0	2.0	3.0	2.0	3.0	773.0	303.0	102.0	75.0	49.0	21.0	76.73	1.99	0.6	69.14	1.76	0.75
133	02.01.2019	West Ham	Brighton	54.0	46.0	4.0	7.0	2.0	3.0	1.0	2.0	0.0	0.0	251.0	209.0	63.0	64.0	13.0	24.0	0.0	0.0	4.0	2.0	54.0	46.0	13.0	13.0	6.0	6.0	1.0	5.0	0.0	1.0	494.0	410.0	132.0	108.0	39.0	38.0	69.4	2.0	0.92	64.86	1.7	0.88
134	22.12.2018	Newcastle	Fulham	47.0	53.0	4.0	3.0	0.0	2.0	1.0	0.0	0.0	0.0	65.0	107.0	66.0	47.0	32.0	17.0	0.0	0.0	0.0	0.0	54.0	46.0	9.0	4.0	0.0	2.0	6.0	0.0	1.0	2.0	499.0	463.0	131.0	96.0	65.0	32.0	69.14	1.76	0.75	69.57	1.88	0.83
135	13.01.2019	Everton	Bournemouth	57.0	43.0	8.0	7.0	0.0	2.0	3.0	3.0	1.0	0.0	229.0	170.0	46.0	56.0	25.0	33.0	0.0	0.0	4.0	0.0	51.0	49.0	15.0	16.0	3.0	7.0	5.0	9.0	5.0	0.0	396.0	378.0	86.0	121.0	52.0	65.0	77.62	2.01	0.58	68.07	2.04	1.02
136	04.05.2019	Bournemouth	Tottenham	37.0	63.0	6.0	10.0	2.0	5.0	3.0	4.0	0.0	3.0	148.0	273.0	33.0	64.0	24.0	29.0	0.0	0.0	2.0	0.0	53.0	47.0	20.0	11.0	6.0	5.0	10.0	6.0	1.0	5.0	439.0	404.0	101.0	100.0	77.0	43.0	68.07	2.04	1.02	83.73	2.37	0.52
137	02.09.2018	Cardiff	Arsenal	31.0	69.0	5.0	7.0	1.0	4.0	1.0	4.0	0.0	1.0	130.0	309.0	46.0	58.0	26.0	27.0	1.0	1.0	2.0	3.0	28.0	72.0	14.0	17.0	3.0	11.0	3.0	9.0	3.0	4.0	234.0	635.0	90.0	130.0	45.0	68.0	66.62	1.93	0.99	79.93	2.38	0.72
138	14.01.2019	Manchester City	Wolves	78.0	22.0	10.0	1.0	4.0	0.0	7.0	0.0	1.0	0.0	415.0	119.0	92.0	24.0	57.0	5.0	2.0	0.0	2.0	0.0	76.0	24.0	24.0	3.0	9.0	0.0	12.0	1.0	1.0	0.0	872.0	283.0	186.0	56.0	125.0	9.0	94.69	3.09	0.2	73.43	1.9	0.69
139	18.08.2018	Tottenham	Fulham	60.0	40.0	12.0	4.0	2.0	2.0	3.0	1.0	0.0	0.0	331.0	221.0	79.0	37.0	42.0	16.0	1.0	0.0	4.0	1.0	60.0	40.0	25.0	10.0	11.0	3.0	5.0	2.0	0.0	0.0	629.0	435.0	139.0	79.0	72.0	26.0	83.73	2.37	0.52	69.57	1.88	0.83
140	06.04.2019	Bournemouth	Burnley	59.0	41.0	3.0	5.0	2.0	2.0	1.0	3.0	1.0	2.0	208.0	139.0	47.0	39.0	20.0	26.0	1.0	2.0	0.0	3.0	60.0	40.0	10.0	11.0	2.0	3.0	3.0	6.0	2.0	3.0	441.0	284.0	108.0	96.0	43.0	58.0	68.07	2.04	1.02	69.1	1.84	0.82
141	01.09.2018	Leicester	Liverpool	47.0	53.0	6.0	7.0	2.0	4.0	1.0	3.0	0.0	0.0	248.0	270.0	67.0	50.0	18.0	15.0	0.0	2.0	2.0	2.0	51.0	49.0	12.0	10.0	5.0	4.0	4.0	4.0	3.0	2.0	496.0	473.0	132.0	98.0	53.0	41.0	76.73	1.99	0.6	92.6	2.86	0.26
142	10.11.2018	Cardiff	Brighton	49.0	51.0	8.0	6.0	2.0	2.0	0.0	0.0	1.0	0.0	201.0	209.0	74.0	42.0	21.0	11.0	1.0	1.0	2.0	1.0	60.0	40.0	20.0	7.0	6.0	3.0	4.0	1.0	2.0	1.0	472.0	315.0	108.0	68.0	47.0	19.0	66.62	1.93	0.99	64.86	1.7	0.88
143	29.10.2018	Tottenham	Manchester City	42.0	58.0	2.0	8.0	1.0	3.0	1.0	4.0	1.0	0.0	205.0	281.0	44.0	53.0	12.0	41.0	0.0	1.0	0.0	1.0	48.0	52.0	4.0	13.0	1.0	6.0	3.0	6.0	2.0	2.0	476.0	514.0	106.0	110.0	36.0	64.0	83.73	2.37	0.52	94.69	3.09	0.2
144	05.12.2018	Fulham	Leicester	43.0	57.0	11.0	7.0	6.0	2.0	3.0	6.0	0.0	0.0	145.0	183.0	53.0	45.0	20.0	25.0	1.0	0.0	0.0	1.0	46.0	54.0	25.0	13.0	7.0	5.0	10.0	8.0	0.0	0.0	314.0	382.0	110.0	102.0	61.0	42.0	69.57	1.88	0.83	76.73	1.99	0.6
145	18.08.2018	West Ham	Bournemouth	65.0	35.0	7.0	7.0	3.0	2.0	3.0	3.0	1.0	1.0	293.0	157.0	71.0	46.0	25.0	23.0	1.0	0.0	0.0	2.0	61.0	39.0	11.0	12.0	5.0	5.0	6.0	4.0	6.0	2.0	493.0	322.0	126.0	88.0	54.0	44.0	69.4	2.0	0.92	68.07	2.04	1.02
146	26.02.2019	Cardiff	Everton	31.0	69.0	2.0	6.0	0.0	1.0	1.0	2.0	2.0	0.0	125.0	277.0	66.0	61.0	26.0	21.0	0.0	1.0	0.0	3.0	33.0	67.0	6.0	12.0	0.0	4.0	3.0	4.0	3.0	1.0	257.0	534.0	116.0	109.0	63.0	49.0	66.62	1.93	0.99	77.62	2.01	0.58
147	13.04.2019	Fulham	Everton	47.0	53.0	8.0	3.0	3.0	1.0	4.0	1.0	0.0	1.0	204.0	234.0	58.0	65.0	24.0	35.0	0.0	0.0	4.0	0.0	41.0	59.0	12.0	8.0	5.0	1.0	7.0	3.0	2.0	1.0	343.0	496.0	96.0	128.0	33.0	72.0	69.57	1.88	0.83	77.62	2.01	0.58
148	04.02.2019	West Ham	Liverpool	32.0	68.0	7.0	5.0	2.0	3.0	1.0	4.0	0.0	0.0	143.0	321.0	42.0	66.0	13.0	25.0	1.0	1.0	0.0	1.0	27.0	73.0	13.0	11.0	2.0	6.0	2.0	5.0	1.0	1.0	245.0	690.0	87.0	143.0	33.0	63.0	69.4	2.0	0.92	92.6	2.86	0.26
149	02.03.2019	Burnley	Crystal Palace	56.0	44.0	11.0	1.0	2.0	0.0	4.0	1.0	1.0	0.0	226.0	187.0	75.0	39.0	32.0	11.0	0.0	1.0	2.0	3.0	57.0	43.0	18.0	10.0	4.0	4.0	8.0	5.0	1.0	2.0	422.0	348.0	135.0	84.0	77.0	37.0	69.1	1.84	0.82	71.06	1.9	0.78
150	30.03.2019	Brighton	Southampton	47.0	53.0	6.0	6.0	0.0	1.0	2.0	4.0	1.0	0.0	196.0	212.0	56.0	75.0	13.0	33.0	0.0	0.0	0.0	1.0	60.0	40.0	14.0	8.0	1.0	2.0	6.0	5.0	1.0	2.0	525.0	346.0	137.0	132.0	52.0	44.0	64.86	1.7	0.88	69.57	1.88	0.83
151	24.11.2018	Watford	Liverpool	31.0	69.0	1.0	3.0	1.0	3.0	3.0	2.0	0.0	0.0	176.0	388.0	50.0	102.0	11.0	25.0	0.0	0.0	0.0	3.0	36.0	64.0	5.0	10.0	1.0	7.0	5.0	5.0	0.0	2.0	360.0	637.0	113.0	159.0	34.0	39.0	66.62	1.93	0.99	92.6	2.86	0.26
152	10.12.2018	Everton	Watford	55.0	45.0	6.0	8.0	2.0	1.0	3.0	1.0	1.0	0.0	215.0	173.0	56.0	57.0	22.0	33.0	1.0	0.0	2.0	2.0	57.0	43.0	12.0	15.0	5.0	3.0	6.0	6.0	1.0	1.0	412.0	321.0	106.0	105.0	50.0	54.0	77.62	2.01	0.58	66.62	1.93	0.99
153	12.05.2019	Burnley	Arsenal	35.0	65.0	9.0	5.0	3.0	1.0	4.0	3.0	3.0	0.0	147.0	277.0	46.0	55.0	27.0	31.0	0.0	0.0	2.0	3.0	40.0	60.0	14.0	17.0	5.0	6.0	4.0	5.0	5.0	1.0	341.0	533.0	104.0	94.0	53.0	61.0	69.1	1.84	0.82	79.93	2.38	0.72
154	05.05.2019	Huddersfield	Manchester Utd	41.0	59.0	4.0	8.0	1.0	2.0	2.0	5.0	0.0	1.0	182.0	266.0	47.0	49.0	16.0	24.0	0.0	1.0	2.0	1.0	36.0	64.0	7.0	23.0	3.0	7.0	3.0	7.0	1.0	1.0	332.0	600.0	96.0	110.0	32.0	58.0	79.93	2.38	0.72	82.17	2.32	0.57
155	02.03.2019	Bournemouth	Manchester City	17.0	83.0	0.0	9.0	0.0	1.0	0.0	9.0	0.0	0.0	89.0	431.0	18.0	72.0	3.0	49.0	0.0	0.0	0.0	1.0	18.0	82.0	0.0	23.0	0.0	7.0	0.0	14.0	1.0	2.0	176.0	809.0	39.0	151.0	14.0	91.0	68.07	2.04	1.02	94.69	3.09	0.2
156	22.04.2019	Chelsea	Burnley	77.0	23.0	13.0	5.0	6.0	2.0	4.0	1.0	0.0	1.0	329.0	101.0	66.0	29.0	49.0	7.0	2.0	2.0	0.0	2.0	76.0	24.0	22.0	6.0	9.0	3.0	10.0	1.0	2.0	1.0	681.0	219.0	136.0	73.0	121.0	24.0	83.5	2.39	0.55	69.1	1.84	0.82
157	03.04.2019	Tottenham	Crystal Palace	70.0	30.0	14.0	2.0	4.0	0.0	5.0	0.0	1.0	0.0	379.0	157.0	90.0	30.0	61.0	9.0	0.0	0.0	4.0	0.0	65.0	35.0	26.0	5.0	10.0	1.0	8.0	2.0	1.0	0.0	687.0	364.0	152.0	72.0	93.0	25.0	83.73	2.37	0.52	71.06	1.9	0.78
158	02.12.2018	Arsenal	Tottenham	58.0	42.0	10.0	4.0	3.0	4.0	4.0	2.0	1.0	2.0	254.0	186.0	60.0	43.0	33.0	17.0	1.0	2.0	6.0	2.0	59.0	41.0	22.0	11.0	7.0	6.0	8.0	5.0	3.0	5.0	477.0	331.0	100.0	88.0	55.0	37.0	79.93	2.38	0.72	83.73	2.37	0.52
159	26.12.2018	Burnley	Everton	48.0	52.0	4.0	6.0	3.0	3.0	2.0	3.0	2.0	2.0	226.0	240.0	83.0	47.0	24.0	17.0	1.0	3.0	0.0	5.0	49.0	51.0	11.0	13.0	4.0	6.0	5.0	7.0	2.0	4.0	401.0	417.0	142.0	94.0	60.0	39.0	69.1	1.84	0.82	77.62	2.01	0.58
160	30.03.2019	Fulham	Manchester City	40.0	60.0	3.0	18.0	0.0	6.0	0.0	7.0	0.0	0.0	215.0	316.0	33.0	70.0	12.0	42.0	0.0	2.0	0.0	2.0	34.0	66.0	5.0	24.0	0.0	7.0	0.0	11.0	2.0	0.0	359.0	679.0	74.0	146.0	27.0	71.0	69.57	1.88	0.83	94.69	3.09	0.2
161	03.11.2018	Newcastle	Watford	40.0	60.0	5.0	13.0	1.0	1.0	3.0	5.0	0.0	1.0	152.0	226.0	47.0	58.0	16.0	25.0	0.0	0.0	2.0	0.0	42.0	58.0	10.0	16.0	2.0	1.0	8.0	9.0	1.0	5.0	326.0	452.0	100.0	116.0	42.0	59.0	69.14	1.76	0.75	66.62	1.93	0.99
162	03.01.2019	Manchester City	Liverpool	57.0	43.0	2.0	2.0	1.0	1.0	1.0	0.0	2.0	2.0	344.0	265.0	80.0	36.0	26.0	15.0	1.0	0.0	2.0	1.0	50.0	50.0	9.0	7.0	4.0	5.0	2.0	1.0	4.0	2.0	578.0	583.0	142.0	97.0	46.0	36.0	94.69	3.09	0.2	92.6	2.86	0.26
163	24.02.2019	Arsenal	Southampton	70.0	30.0	11.0	3.0	4.0	2.0	4.0	1.0	0.0	0.0	340.0	147.0	74.0	49.0	38.0	24.0	2.0	0.0	0.0	0.0	62.0	38.0	12.0	10.0	4.0	4.0	6.0	4.0	0.0	0.0	582.0	346.0	114.0	118.0	66.0	57.0	79.93	2.38	0.72	69.57	1.88	0.83
164	25.11.2018	Wolves	Huddersfield	45.0	55.0	5.0	7.0	0.0	4.0	2.0	4.0	0.0	1.0	211.0	257.0	63.0	61.0	21.0	27.0	0.0	1.0	0.0	2.0	45.0	55.0	12.0	14.0	3.0	6.0	3.0	5.0	1.0	2.0	443.0	547.0	131.0	126.0	40.0	45.0	73.43	1.9	0.69	79.93	2.38	0.72
165	09.02.2019	Liverpool	Bournemouth	71.0	29.0	9.0	4.0	6.0	1.0	5.0	0.0	0.0	2.0	394.0	158.0	81.0	30.0	44.0	16.0	2.0	0.0	2.0	0.0	66.0	34.0	20.0	12.0	9.0	2.0	8.0	5.0	2.0	2.0	707.0	362.0	141.0	70.0	79.0	39.0	92.6	2.86	0.26	68.07	2.04	1.02
166	29.01.2019	Newcastle	Manchester City	23.0	77.0	4.0	6.0	0.0	3.0	1.0	5.0	0.0	2.0	125.0	417.0	37.0	80.0	12.0	33.0	0.0	1.0	4.0	1.0	24.0	76.0	6.0	12.0	2.0	4.0	1.0	8.0	2.0	3.0	239.0	767.0	64.0	163.0	22.0	80.0	69.14	1.76	0.75	94.69	3.09	0.2
167	02.03.2019	Manchester Utd	Southampton	60.0	40.0	7.0	3.0	2.0	2.0	6.0	2.0	0.0	1.0	243.0	166.0	48.0	56.0	32.0	31.0	0.0	1.0	6.0	2.0	64.0	36.0	16.0	9.0	6.0	3.0	9.0	7.0	2.0	1.0	511.0	282.0	101.0	100.0	53.0	50.0	82.17	2.32	0.57	69.57	1.88	0.83
168	03.11.2018	Everton	Brighton	63.0	37.0	8.0	4.0	1.0	2.0	3.0	3.0	0.0	1.0	253.0	153.0	67.0	40.0	42.0	16.0	1.0	1.0	4.0	1.0	61.0	39.0	14.0	5.0	3.0	3.0	6.0	4.0	0.0	1.0	491.0	315.0	135.0	93.0	78.0	26.0	77.62	2.01	0.58	64.86	1.7	0.88
169	22.09.2018	Liverpool	Southampton	66.0	34.0	9.0	6.0	3.0	0.0	3.0	3.0	0.0	1.0	343.0	172.0	46.0	43.0	28.0	26.0	3.0	0.0	0.0	0.0	61.0	39.0	12.0	7.0	4.0	1.0	5.0	4.0	0.0	2.0	749.0	478.0	110.0	109.0	58.0	36.0	92.6	2.86	0.26	69.57	1.88	0.83
170	02.02.2019	Cardiff	Bournemouth	22.0	78.0	6.0	6.0	3.0	2.0	2.0	5.0	0.0	0.0	96.0	362.0	39.0	82.0	20.0	28.0	1.0	0.0	2.0	0.0	27.0	73.0	12.0	9.0	5.0	2.0	6.0	7.0	1.0	2.0	218.0	615.0	71.0	165.0	37.0	64.0	66.62	1.93	0.99	68.07	2.04	1.02
171	16.04.2019	Brighton	Cardiff	59.0	41.0	6.0	5.0	1.0	2.0	3.0	2.0	0.0	0.0	238.0	170.0	65.0	52.0	35.0	18.0	0.0	1.0	0.0	2.0	64.0	36.0	14.0	10.0	2.0	3.0	5.0	4.0	0.0	1.0	520.0	302.0	139.0	99.0	75.0	33.0	64.86	1.7	0.88	66.62	1.93	0.99
172	06.10.2018	Tottenham	Cardiff	69.0	31.0	10.0	7.0	4.0	4.0	3.0	2.0	0.0	0.0	313.0	139.0	50.0	52.0	32.0	29.0	1.0	0.0	0.0	0.0	76.0	24.0	19.0	8.0	7.0	6.0	6.0	2.0	3.0	1.0	685.0	222.0	123.0	86.0	81.0	43.0	83.73	2.37	0.52	66.62	1.93	0.99
173	27.02.2019	Liverpool	Watford	64.0	36.0	9.0	0.0	5.0	0.0	2.0	1.0	0.0	0.0	348.0	198.0	77.0	45.0	44.0	18.0	2.0	0.0	6.0	0.0	62.0	38.0	19.0	5.0	10.0	3.0	6.0	4.0	0.0	2.0	627.0	392.0	134.0	81.0	81.0	31.0	92.6	2.86	0.26	66.62	1.93	0.99
174	28.04.2019	Leicester	Arsenal	73.0	27.0	12.0	4.0	5.0	1.0	6.0	1.0	1.0	2.0	342.0	125.0	76.0	42.0	36.0	11.0	0.0	0.0	6.0	0.0	67.0	33.0	24.0	6.0	12.0	1.0	8.0	6.0	3.0	3.0	610.0	293.0	145.0	81.0	78.0	38.0	76.73	1.99	0.6	79.93	2.38	0.72
175	12.05.2019	Liverpool	Wolves	61.0	39.0	5.0	2.0	3.0	0.0	1.0	1.0	0.0	0.0	309.0	193.0	84.0	44.0	22.0	18.0	1.0	0.0	2.0	0.0	59.0	41.0	13.0	7.0	5.0	2.0	4.0	1.0	0.0	2.0	603.0	427.0	137.0	95.0	36.0	35.0	92.6	2.86	0.26	73.43	1.9	0.69
176	06.10.2018	Crystal Palace	Wolves	70.0	30.0	2.0	3.0	1.0	1.0	4.0	2.0	1.0	0.0	362.0	153.0	78.0	46.0	45.0	13.0	0.0	0.0	0.0	1.0	67.0	33.0	11.0	7.0	4.0	2.0	6.0	3.0	3.0	4.0	641.0	314.0	141.0	96.0	76.0	31.0	71.06	1.9	0.78	73.43	1.9	0.69
177	19.08.2018	Brighton	Manchester Utd	38.0	62.0	6.0	4.0	3.0	1.0	1.0	3.0	0.0	1.0	160.0	264.0	49.0	51.0	17.0	13.0	3.0	1.0	0.0	2.0	33.0	67.0	6.0	9.0	3.0	3.0	3.0	5.0	1.0	1.0	283.0	572.0	79.0	96.0	33.0	36.0	64.86	1.7	0.88	82.17	2.32	0.57
178	21.04.2019	Everton	Manchester Utd	51.0	49.0	10.0	3.0	4.0	0.0	7.0	1.0	1.0	0.0	198.0	192.0	57.0	37.0	28.0	19.0	2.0	0.0	4.0	0.0	48.0	52.0	15.0	7.0	8.0	1.0	10.0	2.0	1.0	1.0	383.0	417.0	92.0	101.0	43.0	50.0	77.62	2.01	0.58	82.17	2.32	0.57
179	10.11.2018	Huddersfield	West Ham	45.0	55.0	6.0	3.0	5.0	1.0	2.0	4.0	1.0	1.0	178.0	206.0	55.0	47.0	17.0	19.0	1.0	0.0	0.0	1.0	44.0	56.0	15.0	12.0	7.0	6.0	5.0	6.0	1.0	1.0	354.0	448.0	110.0	102.0	48.0	54.0	79.93	2.38	0.72	69.4	2.0	0.92
180	26.11.2018	Burnley	Newcastle	61.0	39.0	6.0	8.0	3.0	2.0	2.0	4.0	0.0	0.0	342.0	213.0	79.0	45.0	21.0	16.0	1.0	2.0	0.0	2.0	56.0	44.0	14.0	17.0	4.0	3.0	5.0	5.0	0.0	1.0	585.0	450.0	155.0	102.0	46.0	34.0	69.1	1.84	0.82	69.14	1.76	0.75
181	02.01.2019	Chelsea	Southampton	73.0	27.0	9.0	2.0	2.0	0.0	5.0	0.0	0.0	1.0	429.0	157.0	101.0	40.0	30.0	13.0	0.0	0.0	0.0	0.0	72.0	28.0	17.0	6.0	6.0	2.0	7.0	2.0	1.0	2.0	748.0	296.0	176.0	98.0	65.0	49.0	83.5	2.39	0.55	69.57	1.88	0.83
182	03.11.2018	West Ham	Burnley	67.0	33.0	9.0	3.0	4.0	2.0	6.0	2.0	1.0	0.0	312.0	150.0	76.0	48.0	43.0	2.0	1.0	1.0	6.0	2.0	63.0	37.0	22.0	6.0	10.0	3.0	10.0	4.0	1.0	4.0	527.0	312.0	130.0	111.0	75.0	16.0	69.4	2.0	0.92	69.1	1.84	0.82
183	23.09.2018	Arsenal	Everton	67.0	33.0	3.0	5.0	1.0	4.0	2.0	5.0	2.0	1.0	290.0	142.0	70.0	42.0	22.0	16.0	0.0	0.0	4.0	0.0	62.0	38.0	9.0	9.0	5.0	6.0	5.0	9.0	2.0	1.0	555.0	315.0	139.0	91.0	58.0	55.0	79.93	2.38	0.72	77.62	2.01	0.58
184	09.03.2019	Huddersfield	Bournemouth	55.0	45.0	3.0	3.0	1.0	2.0	1.0	3.0	1.0	0.0	235.0	200.0	62.0	40.0	26.0	18.0	0.0	1.0	0.0	2.0	56.0	44.0	8.0	8.0	1.0	4.0	6.0	5.0	3.0	1.0	462.0	372.0	136.0	93.0	59.0	42.0	79.93	2.38	0.72	68.07	2.04	1.02
185	07.10.2018	Southampton	Chelsea	25.0	75.0	6.0	12.0	3.0	1.0	0.0	11.0	1.0	0.0	133.0	384.0	26.0	86.0	9.0	63.0	0.0	1.0	0.0	3.0	35.0	65.0	15.0	21.0	6.0	6.0	4.0	12.0	6.0	0.0	346.0	651.0	94.0	141.0	33.0	84.0	69.57	1.88	0.83	83.5	2.39	0.55
186	30.01.2019	Tottenham	Watford	65.0	35.0	5.0	6.0	1.0	1.0	1.0	2.0	0.0	0.0	325.0	176.0	70.0	39.0	42.0	23.0	0.0	1.0	4.0	1.0	69.0	31.0	17.0	9.0	3.0	1.0	9.0	5.0	0.0	4.0	588.0	274.0	137.0	60.0	86.0	32.0	83.73	2.37	0.52	66.62	1.93	0.99
187	13.01.2019	Tottenham	Manchester Utd	60.0	40.0	7.0	5.0	0.0	3.0	3.0	2.0	0.0	0.0	270.0	182.0	56.0	47.0	28.0	15.0	0.0	1.0	0.0	1.0	61.0	39.0	21.0	13.0	11.0	8.0	7.0	4.0	1.0	2.0	567.0	363.0	119.0	97.0	62.0	34.0	83.73	2.37	0.52	82.17	2.32	0.57
188	06.02.2019	Everton	Manchester City	32.0	68.0	2.0	7.0	0.0	1.0	3.0	3.0	0.0	0.0	146.0	327.0	51.0	65.0	30.0	36.0	0.0	1.0	0.0	2.0	39.0	61.0	4.0	15.0	1.0	4.0	5.0	6.0	1.0	1.0	336.0	546.0	112.0	116.0	67.0	70.0	77.62	2.01	0.58	94.69	3.09	0.2
189	09.03.2019	Newcastle	Everton	45.0	55.0	8.0	5.0	2.0	3.0	0.0	1.0	1.0	0.0	192.0	238.0	54.0	69.0	25.0	27.0	0.0	2.0	6.0	2.0	46.0	54.0	19.0	7.0	7.0	3.0	8.0	2.0	3.0	1.0	361.0	443.0	106.0	119.0	48.0	59.0	69.14	1.76	0.75	77.62	2.01	0.58
190	23.09.2018	West Ham	Chelsea	28.0	72.0	4.0	8.0	1.0	3.0	1.0	3.0	0.0	0.0	161.0	407.0	34.0	94.0	13.0	35.0	0.0	0.0	0.0	0.0	28.0	72.0	6.0	17.0	1.0	6.0	1.0	8.0	2.0	1.0	297.0	758.0	56.0	186.0	29.0	78.0	69.4	2.0	0.92	83.5	2.39	0.55
191	16.03.2019	West Ham	Huddersfield	55.0	45.0	7.0	5.0	1.0	2.0	2.0	3.0	0.0	0.0	269.0	215.0	62.0	50.0	31.0	10.0	1.0	2.0	6.0	3.0	64.0	36.0	16.0	15.0	5.0	5.0	5.0	8.0	0.0	2.0	605.0	327.0	138.0	93.0	67.0	24.0	69.4	2.0	0.92	79.93	2.38	0.72
192	15.12.2018	Wolves	Bournemouth	36.0	64.0	3.0	5.0	1.0	1.0	1.0	1.0	0.0	2.0	193.0	335.0	37.0	78.0	15.0	32.0	1.0	0.0	2.0	0.0	38.0	62.0	9.0	13.0	3.0	3.0	5.0	3.0	1.0	2.0	389.0	633.0	82.0	144.0	34.0	76.0	73.43	1.9	0.69	68.07	2.04	1.02
193	27.02.2019	Manchester City	West Ham	78.0	22.0	11.0	0.0	1.0	0.0	7.0	0.0	0.0	1.0	400.0	117.0	92.0	37.0	54.0	10.0	0.0	0.0	2.0	0.0	75.0	25.0	20.0	2.0	7.0	1.0	12.0	2.0	0.0	2.0	780.0	255.0	160.0	75.0	112.0	19.0	94.69	3.09	0.2	69.4	2.0	0.92
194	28.10.2018	Manchester Utd	Everton	58.0	42.0	7.0	6.0	5.0	4.0	3.0	3.0	2.0	1.0	278.0	194.0	55.0	41.0	15.0	13.0	1.0	0.0	2.0	1.0	54.0	46.0	14.0	14.0	10.0	6.0	8.0	4.0	2.0	1.0	486.0	413.0	104.0	92.0	38.0	41.0	82.17	2.32	0.57	77.62	2.01	0.58
195	11.02.2019	Wolves	Newcastle	55.0	45.0	7.0	7.0	2.0	2.0	5.0	1.0	0.0	1.0	311.0	252.0	59.0	76.0	32.0	14.0	0.0	0.0	2.0	1.0	59.0	41.0	22.0	9.0	6.0	3.0	13.0	1.0	1.0	3.0	623.0	434.0	127.0	137.0	71.0	22.0	73.43	1.9	0.69	69.14	1.76	0.75
196	06.05.2019	Manchester City	Leicester	58.0	42.0	11.0	4.0	3.0	1.0	6.0	0.0	2.0	1.0	315.0	232.0	96.0	37.0	46.0	16.0	0.0	0.0	2.0	0.0	61.0	39.0	19.0	7.0	5.0	2.0	11.0	0.0	3.0	2.0	820.0	607.0	182.0	67.0	89.0	27.0	94.69	3.09	0.2	76.73	1.99	0.6
197	15.12.2018	Huddersfield	Newcastle	69.0	31.0	7.0	2.0	2.0	1.0	5.0	1.0	0.0	1.0	269.0	127.0	90.0	43.0	27.0	14.0	0.0	0.0	0.0	1.0	74.0	26.0	15.0	8.0	5.0	5.0	10.0	1.0	1.0	1.0	624.0	233.0	195.0	68.0	93.0	23.0	79.93	2.38	0.72	69.14	1.76	0.75
198	24.04.2019	Manchester Utd	Manchester City	31.0	69.0	6.0	5.0	1.0	3.0	0.0	1.0	1.0	2.0	163.0	366.0	46.0	79.0	13.0	29.0	0.0	0.0	0.0	2.0	37.0	63.0	12.0	8.0	1.0	5.0	1.0	1.0	2.0	2.0	406.0	702.0	108.0	145.0	37.0	48.0	82.17	2.32	0.57	94.69	3.09	0.2
199	17.03.2019	Fulham	Liverpool	39.0	61.0	3.0	5.0	0.0	3.0	0.0	3.0	0.0	1.0	218.0	337.0	55.0	62.0	10.0	41.0	0.0	1.0	2.0	2.0	37.0	63.0	7.0	16.0	2.0	6.0	1.0	10.0	2.0	1.0	365.0	595.0	95.0	129.0	21.0	88.0	69.57	1.88	0.83	92.6	2.86	0.26
200	20.10.2018	Cardiff	Fulham	40.0	60.0	11.0	3.0	3.0	2.0	4.0	3.0	1.0	3.0	154.0	236.0	64.0	42.0	25.0	21.0	2.0	2.0	4.0	2.0	40.0	60.0	22.0	9.0	5.0	4.0	4.0	4.0	3.0	3.0	313.0	479.0	110.0	102.0	58.0	39.0	66.62	1.93	0.99	69.57	1.88	0.83
201	11.11.2018	Chelsea	Everton	67.0	33.0	4.0	4.0	1.0	0.0	1.0	2.0	3.0	2.0	376.0	185.0	80.0	35.0	18.0	9.0	0.0	0.0	0.0	0.0	69.0	31.0	14.0	6.0	4.0	1.0	5.0	5.0	4.0	3.0	688.0	310.0	135.0	74.0	52.0	19.0	83.5	2.39	0.55	77.62	2.01	0.58
202	06.10.2018	Leicester	Everton	57.0	43.0	5.0	8.0	2.0	3.0	1.0	6.0	2.0	1.0	260.0	181.0	64.0	50.0	21.0	30.0	1.0	1.0	0.0	2.0	51.0	49.0	8.0	17.0	2.0	8.0	2.0	10.0	4.0	1.0	461.0	422.0	115.0	120.0	36.0	55.0	76.73	1.99	0.6	77.62	2.01	0.58
203	26.12.2018	Leicester	Manchester City	36.0	64.0	6.0	5.0	4.0	3.0	1.0	5.0	0.0	0.0	171.0	306.0	38.0	79.0	14.0	48.0	1.0	1.0	2.0	1.0	34.0	66.0	10.0	11.0	5.0	4.0	3.0	7.0	2.0	2.0	320.0	613.0	89.0	157.0	29.0	97.0	76.73	1.99	0.6	94.69	3.09	0.2
204	11.08.2018	Wolves	Everton	54.0	46.0	4.0	3.0	2.0	3.0	1.0	4.0	0.0	1.0	243.0	200.0	48.0	47.0	23.0	23.0	1.0	1.0	2.0	2.0	57.0	43.0	11.0	6.0	4.0	5.0	3.0	6.0	0.0	1.0	548.0	411.0	120.0	105.0	58.0	47.0	73.43	1.9	0.69	77.62	2.01	0.58
205	16.12.2018	Brighton	Chelsea	38.0	62.0	2.0	7.0	1.0	3.0	1.0	1.0	0.0	0.0	231.0	383.0	45.0	64.0	12.0	23.0	0.0	2.0	2.0	2.0	42.0	58.0	6.0	10.0	2.0	3.0	4.0	1.0	2.0	2.0	455.0	654.0	97.0	127.0	39.0	50.0	64.86	1.7	0.88	83.5	2.39	0.55
206	30.01.2019	Southampton	Crystal Palace	49.0	51.0	4.0	8.0	1.0	1.0	1.0	3.0	1.0	1.0	226.0	247.0	73.0	50.0	29.0	24.0	0.0	1.0	2.0	1.0	59.0	41.0	13.0	15.0	4.0	3.0	3.0	8.0	2.0	4.0	529.0	370.0	156.0	96.0	65.0	43.0	69.57	1.88	0.83	71.06	1.9	0.78
207	05.05.2019	Chelsea	Watford	57.0	43.0	5.0	7.0	1.0	1.0	0.0	2.0	0.0	0.0	282.0	206.0	58.0	54.0	32.0	30.0	0.0	0.0	6.0	0.0	59.0	41.0	19.0	15.0	9.0	3.0	6.0	6.0	0.0	1.0	537.0	382.0	121.0	97.0	67.0	52.0	83.5	2.39	0.55	66.62	1.93	0.99
208	10.03.2019	Liverpool	Burnley	72.0	28.0	9.0	2.0	2.0	1.0	2.0	2.0	1.0	0.0	312.0	121.0	62.0	47.0	37.0	15.0	2.0	1.0	4.0	2.0	69.0	31.0	23.0	3.0	5.0	2.0	7.0	3.0	2.0	0.0	647.0	290.0	139.0	102.0	79.0	46.0	92.6	2.86	0.26	69.1	1.84	0.82
209	11.08.2018	Fulham	Crystal Palace	67.0	33.0	8.0	4.0	3.0	3.0	3.0	1.0	1.0	1.0	378.0	188.0	95.0	54.0	39.0	13.0	0.0	1.0	0.0	2.0	66.0	34.0	15.0	10.0	6.0	9.0	5.0	5.0	1.0	2.0	671.0	345.0	153.0	81.0	65.0	47.0	69.57	1.88	0.83	71.06	1.9	0.78
210	03.04.2019	Manchester City	Cardiff	79.0	21.0	11.0	1.0	5.0	0.0	7.0	2.0	0.0	2.0	341.0	89.0	67.0	34.0	42.0	7.0	2.0	0.0	0.0	0.0	79.0	21.0	27.0	4.0	11.0	1.0	17.0	4.0	0.0	3.0	676.0	185.0	146.0	69.0	82.0	14.0	94.69	3.09	0.2	66.62	1.93	0.99
211	02.09.2018	Burnley	Manchester Utd	42.0	58.0	1.0	9.0	0.0	4.0	0.0	0.0	0.0	1.0	232.0	318.0	50.0	59.0	18.0	31.0	0.0	2.0	0.0	2.0	46.0	54.0	9.0	21.0	2.0	9.0	2.0	5.0	2.0	3.0	437.0	513.0	111.0	97.0	47.0	49.0	69.1	1.84	0.82	82.17	2.32	0.57
212	11.08.2018	Newcastle	Tottenham	39.0	61.0	7.0	9.0	1.0	2.0	1.0	2.0	0.0	1.0	203.0	313.0	59.0	74.0	15.0	24.0	1.0	2.0	0.0	2.0	40.0	60.0	15.0	15.0	2.0	5.0	3.0	5.0	2.0	2.0	387.0	574.0	129.0	139.0	36.0	44.0	69.14	1.76	0.75	83.73	2.37	0.52
213	29.09.2018	Manchester City	Brighton	78.0	22.0	16.0	4.0	4.0	1.0	9.0	2.0	0.0	2.0	369.0	103.0	88.0	14.0	71.0	12.0	1.0	0.0	2.0	0.0	80.0	20.0	28.0	4.0	8.0	1.0	10.0	3.0	0.0	3.0	850.0	210.0	159.0	37.0	101.0	17.0	94.69	3.09	0.2	64.86	1.7	0.88
214	20.10.2018	Chelsea	Manchester Utd	63.0	37.0	6.0	1.0	1.0	0.0	1.0	2.0	2.0	2.0	343.0	196.0	50.0	49.0	30.0	19.0	1.0	0.0	2.0	2.0	62.0	38.0	21.0	7.0	6.0	4.0	5.0	3.0	2.0	5.0	611.0	371.0	107.0	87.0	72.0	38.0	83.5	2.39	0.55	82.17	2.32	0.57
215	02.02.2019	Crystal Palace	Fulham	40.0	60.0	3.0	2.0	1.0	0.0	3.0	0.0	1.0	2.0	207.0	324.0	57.0	82.0	13.0	29.0	1.0	0.0	2.0	0.0	37.0	63.0	17.0	8.0	6.0	0.0	11.0	1.0	2.0	3.0	346.0	608.0	98.0	145.0	49.0	49.0	71.06	1.9	0.78	69.57	1.88	0.83
216	04.12.2018	Watford	Manchester City	28.0	72.0	3.0	10.0	2.0	5.0	0.0	6.0	0.0	0.0	145.0	366.0	42.0	81.0	11.0	54.0	0.0	1.0	2.0	2.0	30.0	70.0	11.0	15.0	7.0	7.0	3.0	11.0	0.0	1.0	308.0	714.0	96.0	147.0	36.0	80.0	66.62	1.93	0.99	94.69	3.09	0.2
217	13.04.2019	Southampton	Wolves	32.0	68.0	6.0	10.0	3.0	2.0	0.0	6.0	0.0	2.0	166.0	337.0	49.0	64.0	10.0	28.0	2.0	1.0	2.0	1.0	30.0	70.0	13.0	17.0	6.0	2.0	4.0	9.0	1.0	3.0	281.0	625.0	100.0	130.0	29.0	65.0	69.57	1.88	0.83	73.43	1.9	0.69
218	01.12.2018	Huddersfield	Brighton	39.0	61.0	7.0	7.0	2.0	3.0	2.0	4.0	0.0	1.0	151.0	242.0	50.0	62.0	22.0	23.0	1.0	1.0	0.0	2.0	32.0	68.0	7.0	14.0	2.0	6.0	2.0	6.0	0.0	2.0	265.0	568.0	97.0	129.0	35.0	50.0	79.93	2.38	0.72	64.86	1.7	0.88
219	13.04.2019	Brighton	Bournemouth	49.0	51.0	2.0	5.0	0.0	2.0	2.0	0.0	0.0	1.0	239.0	254.0	74.0	37.0	33.0	13.0	0.0	1.0	0.0	5.0	50.0	50.0	8.0	14.0	1.0	7.0	4.0	1.0	2.0	4.0	470.0	480.0	132.0	79.0	55.0	37.0	64.86	1.7	0.88	68.07	2.04	1.02
220	12.05.2019	Brighton	Manchester City	33.0	67.0	5.0	11.0	2.0	5.0	2.0	3.0	0.0	0.0	159.0	327.0	38.0	81.0	7.0	53.0	1.0	2.0	0.0	4.0	23.0	77.0	6.0	20.0	2.0	9.0	2.0	6.0	0.0	0.0	245.0	796.0	63.0	165.0	11.0	86.0	64.86	1.7	0.88	94.69	3.09	0.2
221	26.02.2019	Newcastle	Burnley	61.0	39.0	6.0	4.0	2.0	1.0	2.0	2.0	0.0	0.0	283.0	178.0	68.0	49.0	16.0	23.0	2.0	0.0	0.0	0.0	54.0	46.0	12.0	12.0	3.0	2.0	4.0	7.0	0.0	0.0	445.0	367.0	132.0	111.0	33.0	58.0	69.14	1.76	0.75	69.1	1.84	0.82
222	30.12.2018	Burnley	West Ham	44.0	56.0	8.0	1.0	2.0	1.0	1.0	2.0	1.0	2.0	177.0	226.0	59.0	48.0	22.0	17.0	2.0	0.0	0.0	0.0	43.0	57.0	17.0	11.0	5.0	4.0	5.0	5.0	1.0	4.0	338.0	453.0	103.0	102.0	56.0	51.0	69.1	1.84	0.82	69.4	2.0	0.92
223	10.02.2019	Tottenham	Leicester	58.0	42.0	8.0	8.0	2.0	1.0	2.0	5.0	3.0	0.0	268.0	188.0	47.0	61.0	22.0	31.0	1.0	0.0	4.0	1.0	53.0	47.0	12.0	20.0	5.0	9.0	2.0	9.0	3.0	1.0	499.0	437.0	92.0	118.0	38.0	58.0	83.73	2.37	0.52	76.73	1.99	0.6
224	10.11.2018	Newcastle	Bournemouth	45.0	55.0	10.0	7.0	4.0	3.0	3.0	3.0	1.0	0.0	182.0	215.0	60.0	55.0	18.0	19.0	2.0	1.0	0.0	1.0	39.0	61.0	18.0	14.0	6.0	4.0	7.0	10.0	2.0	1.0	323.0	505.0	103.0	121.0	47.0	57.0	69.14	1.76	0.75	68.07	2.04	1.02
225	22.09.2018	Burnley	Bournemouth	46.0	54.0	6.0	8.0	2.0	1.0	3.0	2.0	1.0	0.0	211.0	253.0	66.0	47.0	22.0	17.0	2.0	0.0	4.0	0.0	37.0	63.0	12.0	19.0	5.0	5.0	3.0	8.0	2.0	0.0	360.0	603.0	108.0	105.0	33.0	66.0	69.1	1.84	0.82	68.07	2.04	1.02
226	13.04.2019	Tottenham	Huddersfield	76.0	24.0	8.0	2.0	2.0	0.0	0.0	1.0	0.0	1.0	441.0	129.0	86.0	39.0	26.0	19.0	2.0	0.0	4.0	0.0	70.0	30.0	22.0	7.0	5.0	1.0	4.0	2.0	2.0	2.0	738.0	305.0	157.0	84.0	51.0	33.0	83.73	2.37	0.52	79.93	2.38	0.72
227	29.01.2019	Huddersfield	Everton	52.0	48.0	5.0	7.0	0.0	4.0	1.0	3.0	0.0	2.0	234.0	213.0	59.0	62.0	18.0	17.0	0.0	1.0	0.0	1.0	58.0	42.0	10.0	10.0	2.0	5.0	3.0	4.0	1.0	4.0	548.0	400.0	149.0	117.0	58.0	23.0	79.93	2.38	0.72	77.62	2.01	0.58
228	06.04.2019	Newcastle	Crystal Palace	47.0	53.0	11.0	1.0	4.0	0.0	5.0	2.0	0.0	1.0	224.0	260.0	16.0	19.0	22.0	20.0	0.0	0.0	0.0	1.0	54.0	46.0	18.0	3.0	5.0	1.0	9.0	4.0	1.0	2.0	437.0	391.0	125.0	86.0	63.0	37.0	69.14	1.76	0.75	71.06	1.9	0.78
229	27.12.2018	Southampton	West Ham	41.0	59.0	3.0	7.0	1.0	1.0	0.0	3.0	0.0	0.0	203.0	278.0	57.0	96.0	16.0	34.0	0.0	0.0	2.0	2.0	46.0	54.0	11.0	16.0	5.0	5.0	4.0	6.0	2.0	0.0	409.0	487.0	121.0	151.0	39.0	56.0	69.57	1.88	0.83	69.4	2.0	0.92
230	22.09.2018	Leicester	Huddersfield	60.0	40.0	5.0	5.0	3.0	1.0	1.0	1.0	2.0	0.0	300.0	190.0	58.0	46.0	16.0	11.0	1.0	1.0	4.0	1.0	62.0	38.0	18.0	9.0	8.0	2.0	3.0	1.0	2.0	1.0	589.0	357.0	125.0	96.0	34.0	27.0	76.73	1.99	0.6	79.93	2.38	0.72
231	12.08.2018	Liverpool	West Ham	66.0	34.0	8.0	3.0	5.0	1.0	1.0	3.0	1.0	0.0	358.0	183.0	68.0	41.0	37.0	13.0	2.0	0.0	4.0	0.0	65.0	35.0	18.0	5.0	8.0	2.0	5.0	4.0	1.0	2.0	673.0	360.0	119.0	82.0	66.0	30.0	92.6	2.86	0.26	69.4	2.0	0.92
232	20.04.2019	West Ham	Leicester	56.0	44.0	6.0	3.0	2.0	2.0	4.0	3.0	0.0	0.0	223.0	190.0	53.0	48.0	45.0	19.0	1.0	0.0	2.0	2.0	49.0	51.0	11.0	11.0	3.0	5.0	6.0	8.0	2.0	0.0	410.0	425.0	108.0	102.0	67.0	54.0	69.4	2.0	0.92	76.73	1.99	0.6
233	03.03.2019	Everton	Liverpool	38.0	62.0	1.0	4.0	0.0	2.0	1.0	3.0	1.0	0.0	167.0	273.0	61.0	58.0	19.0	24.0	0.0	0.0	0.0	0.0	42.0	58.0	7.0	10.0	3.0	3.0	3.0	7.0	1.0	2.0	343.0	474.0	120.0	117.0	55.0	49.0	77.62	2.01	0.58	92.6	2.86	0.26
234	02.12.2018	Liverpool	Everton	65.0	35.0	5.0	5.0	2.0	2.0	5.0	1.0	1.0	0.0	305.0	164.0	68.0	36.0	47.0	15.0	0.0	0.0	2.0	0.0	58.0	42.0	15.0	9.0	3.0	3.0	8.0	1.0	3.0	2.0	521.0	388.0	126.0	83.0	73.0	38.0	92.6	2.86	0.26	77.62	2.01	0.58
235	06.04.2019	Huddersfield	Leicester	51.0	49.0	2.0	9.0	0.0	5.0	5.0	4.0	2.0	0.0	219.0	213.0	64.0	45.0	24.0	15.0	0.0	1.0	2.0	4.0	45.0	55.0	10.0	18.0	4.0	9.0	8.0	5.0	3.0	0.0	369.0	467.0	105.0	109.0	41.0	37.0	79.93	2.38	0.72	76.73	1.99	0.6
236	29.09.2018	Everton	Fulham	50.0	50.0	7.0	5.0	1.0	0.0	4.0	0.0	0.0	1.0	210.0	225.0	46.0	71.0	24.0	11.0	0.0	0.0	6.0	0.0	51.0	49.0	19.0	6.0	6.0	0.0	12.0	1.0	0.0	3.0	389.0	389.0	84.0	107.0	51.0	25.0	77.62	2.01	0.58	69.57	1.88	0.83
237	26.08.2018	Fulham	Burnley	69.0	31.0	7.0	7.0	5.0	2.0	2.0	2.0	0.0	0.0	322.0	132.0	44.0	37.0	15.0	26.0	3.0	2.0	2.0	2.0	64.0	36.0	25.0	12.0	12.0	2.0	6.0	4.0	2.0	1.0	572.0	301.0	86.0	91.0	41.0	47.0	69.57	1.88	0.83	69.1	1.84	0.82
238	29.12.2018	Leicester	Cardiff	63.0	37.0	10.0	5.0	5.0	0.0	5.0	1.0	0.0	0.0	254.0	148.0	48.0	68.0	21.0	34.0	0.0	0.0	0.0	1.0	62.0	38.0	16.0	12.0	7.0	3.0	10.0	4.0	0.0	2.0	448.0	273.0	99.0	117.0	50.0	62.0	76.73	1.99	0.6	66.62	1.93	0.99
239	01.12.2018	Manchester City	Bournemouth	68.0	32.0	6.0	3.0	1.0	1.0	1.0	1.0	0.0	0.0	384.0	185.0	84.0	42.0	39.0	27.0	1.0	1.0	4.0	1.0	73.0	27.0	16.0	4.0	6.0	1.0	8.0	4.0	0.0	0.0	786.0	286.0	159.0	77.0	72.0	37.0	94.69	3.09	0.2	68.07	2.04	1.02
240	26.12.2018	Watford	Chelsea	29.0	71.0	5.0	3.0	2.0	1.0	2.0	0.0	0.0	0.0	160.0	390.0	40.0	67.0	18.0	39.0	1.0	1.0	0.0	2.0	35.0	65.0	10.0	10.0	2.0	4.0	3.0	4.0	1.0	0.0	392.0	729.0	106.0	135.0	61.0	63.0	66.62	1.93	0.99	83.5	2.39	0.55
241	03.04.2019	Chelsea	Brighton	69.0	31.0	11.0	1.0	1.0	0.0	4.0	0.0	0.0	0.0	355.0	162.0	77.0	39.0	54.0	15.0	1.0	0.0	4.0	0.0	68.0	32.0	17.0	3.0	4.0	1.0	7.0	1.0	0.0	0.0	753.0	350.0	158.0	70.0	91.0	26.0	83.5	2.39	0.55	64.86	1.7	0.88
242	17.09.2018	Southampton	Brighton	57.0	43.0	9.0	2.0	3.0	0.0	1.0	0.0	0.0	0.0	273.0	205.0	65.0	56.0	23.0	6.0	1.0	0.0	2.0	2.0	51.0	49.0	14.0	12.0	5.0	4.0	1.0	4.0	0.0	0.0	468.0	441.0	119.0	118.0	45.0	36.0	69.57	1.88	0.83	64.86	1.7	0.88
243	13.04.2019	Manchester Utd	West Ham	44.0	56.0	10.0	7.0	1.0	0.0	2.0	4.0	1.0	0.0	195.0	254.0	37.0	65.0	24.0	28.0	1.0	0.0	2.0	1.0	42.0	58.0	14.0	18.0	4.0	4.0	3.0	11.0	1.0	1.0	373.0	519.0	87.0	134.0	53.0	70.0	82.17	2.32	0.57	69.4	2.0	0.92
244	02.12.2018	Chelsea	Fulham	68.0	32.0	7.0	2.0	3.0	1.0	3.0	3.0	0.0	0.0	424.0	195.0	81.0	55.0	28.0	17.0	1.0	0.0	2.0	0.0	66.0	34.0	16.0	9.0	9.0	4.0	4.0	6.0	2.0	1.0	725.0	360.0	139.0	106.0	50.0	42.0	83.5	2.39	0.55	69.57	1.88	0.83
245	19.01.2019	Liverpool	Crystal Palace	72.0	28.0	10.0	2.0	3.0	1.0	6.0	0.0	0.0	1.0	384.0	150.0	88.0	37.0	52.0	10.0	0.0	1.0	8.0	3.0	70.0	30.0	19.0	9.0	9.0	3.0	8.0	3.0	2.0	1.0	734.0	304.0	156.0	75.0	99.0	23.0	92.6	2.86	0.26	71.06	1.9	0.78
246	04.05.2019	West Ham	Southampton	62.0	38.0	9.0	4.0	4.0	0.0	1.0	1.0	0.0	0.0	290.0	172.0	78.0	58.0	31.0	18.0	1.0	0.0	4.0	0.0	56.0	44.0	17.0	11.0	6.0	1.0	2.0	7.0	1.0	1.0	520.0	384.0	126.0	135.0	50.0	44.0	69.4	2.0	0.92	69.57	1.88	0.83
247	11.11.2018	Manchester City	Manchester Utd	69.0	31.0	9.0	3.0	1.0	0.0	5.0	1.0	1.0	1.0	353.0	158.0	90.0	44.0	71.0	30.0	1.0	0.0	4.0	1.0	65.0	35.0	17.0	6.0	5.0	1.0	5.0	1.0	1.0	1.0	700.0	380.0	157.0	85.0	68.0	40.0	94.69	3.09	0.2	82.17	2.32	0.57
248	03.11.2018	Wolves	Tottenham	41.0	59.0	8.0	5.0	1.0	4.0	2.0	0.0	1.0	0.0	217.0	322.0	57.0	53.0	19.0	16.0	0.0	2.0	4.0	3.0	49.0	51.0	16.0	10.0	7.0	8.0	5.0	1.0	1.0	2.0	458.0	505.0	121.0	100.0	56.0	34.0	73.43	1.9	0.69	83.73	2.37	0.52
249	20.04.2019	Newcastle	Southampton	52.0	48.0	7.0	3.0	3.0	0.0	2.0	3.0	0.0	1.0	184.0	165.0	55.0	52.0	24.0	20.0	2.0	0.0	2.0	1.0	43.0	57.0	15.0	15.0	6.0	3.0	4.0	11.0	0.0	2.0	320.0	417.0	99.0	130.0	35.0	53.0	69.14	1.76	0.75	69.57	1.88	0.83
250	20.04.2019	Manchester City	Tottenham	61.0	39.0	8.0	5.0	3.0	3.0	4.0	2.0	0.0	0.0	318.0	206.0	78.0	31.0	38.0	12.0	1.0	0.0	0.0	0.0	61.0	39.0	15.0	10.0	4.0	4.0	4.0	4.0	1.0	2.0	582.0	379.0	140.0	71.0	72.0	28.0	94.69	3.09	0.2	83.73	2.37	0.52
251	27.04.2019	Tottenham	West Ham	62.0	38.0	8.0	7.0	3.0	2.0	1.0	1.0	0.0	1.0	335.0	198.0	63.0	68.0	25.0	15.0	0.0	0.0	0.0	1.0	63.0	37.0	14.0	16.0	4.0	7.0	2.0	7.0	0.0	2.0	614.0	351.0	134.0	119.0	63.0	49.0	83.73	2.37	0.52	69.4	2.0	0.92
252	09.02.2019	Brighton	Burnley	58.0	42.0	10.0	5.0	5.0	3.0	5.0	2.0	0.0	0.0	211.0	158.0	52.0	49.0	42.0	17.0	0.0	1.0	2.0	3.0	68.0	32.0	16.0	9.0	6.0	5.0	9.0	3.0	1.0	1.0	519.0	253.0	143.0	79.0	85.0	29.0	64.86	1.7	0.88	69.1	1.84	0.82
253	27.10.2018	Brighton	Wolves	42.0	58.0	5.0	8.0	0.0	1.0	1.0	3.0	0.0	0.0	195.0	267.0	43.0	72.0	17.0	32.0	0.0	0.0	2.0	0.0	40.0	60.0	7.0	25.0	1.0	7.0	1.0	10.0	3.0	0.0	362.0	523.0	82.0	144.0	32.0	81.0	64.86	1.7	0.88	73.43	1.9	0.69
254	29.01.2019	Manchester Utd	Burnley	68.0	32.0	8.0	3.0	0.0	1.0	5.0	3.0	0.0	0.0	293.0	134.0	48.0	39.0	32.0	13.0	0.0	0.0	4.0	2.0	74.0	26.0	28.0	6.0	9.0	4.0	11.0	3.0	1.0	3.0	650.0	228.0	119.0	71.0	103.0	26.0	82.17	2.32	0.57	69.1	1.84	0.82
255	11.11.2018	Liverpool	Fulham	75.0	25.0	11.0	6.0	3.0	3.0	1.0	2.0	0.0	0.0	367.0	112.0	75.0	34.0	22.0	18.0	1.0	0.0	2.0	0.0	73.0	27.0	20.0	8.0	7.0	3.0	6.0	3.0	1.0	1.0	725.0	263.0	146.0	61.0	59.0	31.0	92.6	2.86	0.26	69.57	1.88	0.83
256	21.10.2018	Everton	Crystal Palace	56.0	44.0	7.0	5.0	1.0	1.0	3.0	3.0	1.0	0.0	251.0	192.0	62.0	55.0	34.0	24.0	0.0	0.0	4.0	0.0	60.0	40.0	20.0	7.0	4.0	3.0	10.0	5.0	2.0	1.0	510.0	350.0	113.0	113.0	78.0	45.0	77.62	2.01	0.58	71.06	1.9	0.78
257	01.09.2018	West Ham	Wolves	47.0	53.0	5.0	7.0	1.0	1.0	2.0	1.0	1.0	0.0	213.0	244.0	55.0	69.0	20.0	22.0	0.0	0.0	0.0	1.0	48.0	52.0	13.0	15.0	3.0	6.0	4.0	4.0	2.0	1.0	444.0	495.0	115.0	133.0	61.0	51.0	69.4	2.0	0.92	73.43	1.9	0.69
258	12.01.2019	West Ham	Arsenal	51.0	49.0	8.0	6.0	1.0	1.0	4.0	0.0	0.0	0.0	250.0	246.0	55.0	51.0	28.0	17.0	0.0	0.0	2.0	0.0	42.0	58.0	11.0	11.0	3.0	2.0	7.0	3.0	0.0	2.0	380.0	555.0	93.0	108.0	55.0	39.0	69.4	2.0	0.92	79.93	2.38	0.72
259	03.02.2019	Leicester	Manchester Utd	43.0	57.0	8.0	6.0	2.0	4.0	4.0	1.0	2.0	2.0	209.0	287.0	51.0	65.0	29.0	23.0	0.0	1.0	0.0	1.0	45.0	55.0	17.0	10.0	6.0	6.0	7.0	2.0	4.0	4.0	418.0	532.0	115.0	113.0	63.0	48.0	76.73	1.99	0.6	82.17	2.32	0.57
260	01.09.2018	Everton	Huddersfield	58.0	42.0	9.0	4.0	1.0	3.0	2.0	2.0	0.0	1.0	245.0	168.0	61.0	55.0	23.0	23.0	1.0	1.0	0.0	1.0	58.0	42.0	11.0	9.0	1.0	6.0	4.0	3.0	3.0	3.0	464.0	335.0	129.0	108.0	37.0	44.0	77.62	2.01	0.58	79.93	2.38	0.72
261	15.09.2018	Watford	Manchester Utd	35.0	65.0	5.0	8.0	2.0	6.0	2.0	6.0	2.0	0.0	177.0	315.0	34.0	52.0	12.0	27.0	0.0	2.0	2.0	2.0	43.0	57.0	14.0	9.0	5.0	6.0	6.0	8.0	2.0	3.0	387.0	520.0	99.0	94.0	57.0	50.0	66.62	1.93	0.99	82.17	2.32	0.57
262	16.09.2018	Everton	West Ham	62.0	38.0	8.0	3.0	4.0	3.0	2.0	0.0	1.0	1.0	287.0	184.0	78.0	42.0	27.0	8.0	1.0	2.0	0.0	3.0	56.0	44.0	16.0	9.0	4.0	4.0	4.0	2.0	2.0	5.0	458.0	380.0	136.0	100.0	62.0	46.0	77.62	2.01	0.58	69.4	2.0	0.92
263	26.02.2019	Leicester	Brighton	47.0	53.0	11.0	4.0	2.0	2.0	1.0	3.0	0.0	1.0	239.0	248.0	42.0	59.0	24.0	39.0	1.0	0.0	2.0	1.0	49.0	51.0	19.0	15.0	3.0	3.0	4.0	8.0	1.0	1.0	446.0	444.0	99.0	110.0	47.0	66.0	76.73	1.99	0.6	64.86	1.7	0.88
264	30.03.2019	Manchester Utd	Watford	56.0	44.0	5.0	8.0	2.0	3.0	2.0	2.0	0.0	1.0	261.0	200.0	55.0	53.0	37.0	35.0	1.0	0.0	2.0	1.0	51.0	49.0	8.0	20.0	5.0	8.0	3.0	5.0	1.0	2.0	431.0	399.0	77.0	112.0	51.0	76.0	82.17	2.32	0.57	66.62	1.93	0.99
265	19.08.2018	Burnley	Watford	59.0	41.0	5.0	3.0	3.0	2.0	5.0	0.0	0.0	1.0	221.0	163.0	58.0	52.0	28.0	15.0	1.0	1.0	0.0	3.0	58.0	42.0	8.0	9.0	3.0	6.0	5.0	2.0	1.0	2.0	461.0	345.0	112.0	104.0	49.0	42.0	69.1	1.84	0.82	66.62	1.93	0.99
266	11.08.2018	Huddersfield	Chelsea	40.0	60.0	3.0	3.0	1.0	2.0	1.0	1.0	1.0	0.0	192.0	301.0	61.0	54.0	37.0	14.0	0.0	2.0	0.0	3.0	37.0	63.0	6.0	13.0	1.0	4.0	2.0	5.0	2.0	1.0	372.0	658.0	106.0	115.0	51.0	41.0	79.93	2.38	0.72	83.5	2.39	0.55
267	09.02.2019	Southampton	Cardiff	67.0	33.0	3.0	1.0	1.0	0.0	4.0	0.0	1.0	0.0	282.0	143.0	73.0	46.0	32.0	17.0	0.0	0.0	2.0	2.0	67.0	33.0	14.0	6.0	7.0	3.0	8.0	2.0	3.0	3.0	539.0	267.0	141.0	90.0	64.0	39.0	69.57	1.88	0.83	66.62	1.93	0.99
268	10.03.2019	Arsenal	Manchester Utd	54.0	46.0	9.0	9.0	1.0	2.0	4.0	1.0	1.0	0.0	252.0	214.0	55.0	50.0	28.0	20.0	1.0	0.0	2.0	0.0	46.0	54.0	14.0	14.0	3.0	4.0	5.0	2.0	2.0	2.0	395.0	465.0	97.0	115.0	53.0	47.0	79.93	2.38	0.72	82.17	2.32	0.57
269	01.01.2019	Everton	Leicester	56.0	44.0	6.0	6.0	0.0	2.0	1.0	3.0	0.0	0.0	256.0	203.0	102.0	57.0	35.0	18.0	0.0	0.0	0.0	1.0	60.0	40.0	17.0	8.0	2.0	4.0	6.0	5.0	3.0	1.0	525.0	366.0	172.0	105.0	91.0	45.0	77.62	2.01	0.58	76.73	1.99	0.6
270	20.10.2018	Wolves	Watford	37.0	63.0	2.0	7.0	0.0	3.0	3.0	1.0	1.0	0.0	197.0	350.0	48.0	85.0	17.0	19.0	0.0	2.0	0.0	2.0	45.0	55.0	10.0	9.0	1.0	3.0	8.0	2.0	3.0	1.0	420.0	550.0	94.0	142.0	57.0	36.0	73.43	1.9	0.69	66.62	1.93	0.99
271	15.12.2018	Watford	Cardiff	75.0	25.0	7.0	5.0	3.0	0.0	4.0	0.0	0.0	0.0	376.0	123.0	89.0	49.0	26.0	17.0	1.0	0.0	4.0	2.0	72.0	28.0	17.0	10.0	8.0	3.0	5.0	0.0	0.0	0.0	663.0	255.0	153.0	92.0	53.0	34.0	66.62	1.93	0.99	66.62	1.93	0.99
272	02.02.2019	Everton	Wolves	61.0	39.0	5.0	4.0	2.0	3.0	2.0	1.0	2.0	0.0	232.0	151.0	61.0	39.0	18.0	15.0	1.0	2.0	0.0	3.0	64.0	36.0	13.0	8.0	4.0	4.0	3.0	1.0	3.0	1.0	534.0	306.0	163.0	84.0	51.0	29.0	77.62	2.01	0.58	73.43	1.9	0.69
273	23.02.2019	Newcastle	Huddersfield	50.0	50.0	16.0	1.0	7.0	1.0	7.0	0.0	1.0	0.0	226.0	234.0	67.0	49.0	45.0	19.0	0.0	0.0	4.0	0.0	54.0	46.0	29.0	3.0	12.0	0.0	12.0	0.0	2.0	0.0	549.0	480.0	137.0	109.0	78.0	30.0	69.14	1.76	0.75	79.93	2.38	0.72
274	10.02.2019	Manchester City	Chelsea	52.0	48.0	5.0	8.0	4.0	3.0	0.0	2.0	0.0	0.0	304.0	281.0	42.0	52.0	13.0	36.0	4.0	0.0	4.0	0.0	56.0	44.0	15.0	12.0	9.0	4.0	2.0	2.0	1.0	2.0	681.0	535.0	114.0	85.0	45.0	53.0	94.69	3.09	0.2	83.5	2.39	0.55
275	03.02.2019	Manchester City	Arsenal	65.0	35.0	6.0	4.0	4.0	2.0	4.0	2.0	0.0	1.0	314.0	172.0	46.0	30.0	29.0	11.0	2.0	1.0	2.0	1.0	59.0	41.0	19.0	4.0	12.0	2.0	4.0	2.0	1.0	1.0	613.0	432.0	108.0	74.0	70.0	19.0	94.69	3.09	0.2	79.93	2.38	0.72
276	02.03.2019	West Ham	Newcastle	65.0	35.0	5.0	5.0	3.0	0.0	1.0	3.0	1.0	2.0	311.0	164.0	68.0	44.0	23.0	17.0	2.0	0.0	0.0	0.0	56.0	44.0	10.0	17.0	4.0	2.0	1.0	6.0	3.0	4.0	538.0	422.0	116.0	111.0	41.0	36.0	69.4	2.0	0.92	69.14	1.76	0.75
277	02.02.2019	Chelsea	Huddersfield	67.0	33.0	13.0	3.0	4.0	0.0	4.0	0.0	0.0	0.0	384.0	183.0	74.0	42.0	42.0	23.0	2.0	0.0	6.0	0.0	65.0	35.0	23.0	5.0	7.0	2.0	11.0	2.0	0.0	0.0	737.0	395.0	147.0	81.0	78.0	39.0	83.5	2.39	0.55	79.93	2.38	0.72
278	04.12.2018	Brighton	Crystal Palace	45.0	55.0	7.0	8.0	3.0	2.0	3.0	2.0	0.0	1.0	211.0	260.0	53.0	57.0	28.0	20.0	3.0	0.0	0.0	1.0	31.0	69.0	9.0	18.0	3.0	5.0	4.0	5.0	2.0	3.0	269.0	591.0	74.0	137.0	37.0	78.0	64.86	1.7	0.88	71.06	1.9	0.78
279	27.10.2018	Southampton	Newcastle	50.0	50.0	8.0	2.0	2.0	0.0	2.0	2.0	0.0	0.0	224.0	225.0	82.0	55.0	28.0	22.0	0.0	0.0	0.0	0.0	50.0	50.0	22.0	6.0	4.0	0.0	7.0	2.0	0.0	1.0	405.0	414.0	140.0	99.0	66.0	41.0	69.57	1.88	0.83	69.14	1.76	0.75
280	21.04.2019	Cardiff	Liverpool	21.0	79.0	3.0	7.0	1.0	2.0	3.0	4.0	0.0	0.0	83.0	328.0	32.0	66.0	13.0	32.0	0.0	0.0	0.0	2.0	24.0	76.0	7.0	17.0	2.0	6.0	5.0	10.0	1.0	1.0	193.0	619.0	65.0	130.0	25.0	61.0	66.62	1.93	0.99	92.6	2.86	0.26
281	22.02.2019	West Ham	Fulham	64.0	36.0	13.0	5.0	3.0	4.0	9.0	0.0	0.0	1.0	291.0	172.0	76.0	40.0	41.0	12.0	2.0	1.0	2.0	1.0	55.0	45.0	21.0	8.0	7.0	5.0	12.0	0.0	1.0	1.0	553.0	473.0	140.0	111.0	70.0	29.0	69.4	2.0	0.92	69.57	1.88	0.83
282	05.12.2018	Tottenham	Southampton	58.0	42.0	7.0	3.0	4.0	1.0	5.0	0.0	0.0	0.0	303.0	211.0	45.0	60.0	25.0	17.0	1.0	0.0	4.0	1.0	52.0	48.0	13.0	18.0	8.0	5.0	8.0	6.0	0.0	0.0	527.0	473.0	85.0	117.0	36.0	57.0	83.73	2.37	0.52	69.57	1.88	0.83
283	09.03.2019	Southampton	Tottenham	34.0	66.0	3.0	10.0	0.0	3.0	0.0	5.0	2.0	0.0	148.0	289.0	53.0	65.0	13.0	31.0	0.0	1.0	4.0	1.0	37.0	63.0	12.0	16.0	4.0	5.0	1.0	10.0	4.0	2.0	291.0	511.0	96.0	114.0	47.0	57.0	69.57	1.88	0.83	83.73	2.37	0.52
284	27.10.2018	Liverpool	Cardiff	86.0	14.0	12.0	0.0	2.0	0.0	5.0	0.0	0.0	0.0	454.0	77.0	84.0	40.0	52.0	7.0	1.0	0.0	6.0	1.0	80.0	20.0	19.0	2.0	7.0	1.0	8.0	0.0	0.0	0.0	818.0	207.0	163.0	91.0	83.0	25.0	92.6	2.86	0.26	66.62	1.93	0.99
285	08.12.2018	Bournemouth	Liverpool	32.0	68.0	4.0	6.0	1.0	2.0	4.0	3.0	2.0	0.0	178.0	380.0	47.0	73.0	18.0	27.0	0.0	1.0	0.0	4.0	40.0	60.0	8.0	10.0	2.0	4.0	6.0	6.0	2.0	1.0	424.0	634.0	106.0	139.0	38.0	61.0	68.07	2.04	1.02	92.6	2.86	0.26
286	21.12.2018	Wolves	Liverpool	37.0	63.0	8.0	5.0	4.0	2.0	0.0	1.0	0.0	0.0	217.0	362.0	56.0	96.0	12.0	30.0	0.0	1.0	0.0	2.0	38.0	62.0	11.0	15.0	5.0	6.0	1.0	10.0	0.0	0.0	420.0	675.0	106.0	169.0	32.0	58.0	73.43	1.9	0.69	92.6	2.86	0.26
287	03.11.2018	Arsenal	Liverpool	58.0	42.0	9.0	7.0	2.0	2.0	2.0	3.0	0.0	0.0	289.0	210.0	54.0	58.0	31.0	19.0	0.0	0.0	2.0	1.0	62.0	38.0	12.0	13.0	4.0	4.0	5.0	8.0	1.0	1.0	586.0	356.0	126.0	97.0	67.0	42.0	79.93	2.38	0.72	92.6	2.86	0.26
288	29.12.2018	Brighton	Everton	47.0	53.0	3.0	5.0	0.0	2.0	1.0	3.0	0.0	0.0	214.0	233.0	56.0	48.0	24.0	25.0	0.0	0.0	2.0	0.0	45.0	55.0	11.0	13.0	3.0	4.0	6.0	6.0	0.0	2.0	349.0	427.0	98.0	99.0	50.0	58.0	64.86	1.7	0.88	77.62	2.01	0.58
289	27.04.2019	Watford	Wolves	56.0	44.0	6.0	6.0	0.0	3.0	3.0	3.0	0.0	0.0	265.0	212.0	63.0	62.0	27.0	25.0	0.0	1.0	2.0	2.0	56.0	44.0	10.0	11.0	1.0	4.0	4.0	5.0	3.0	2.0	495.0	386.0	123.0	115.0	56.0	50.0	66.62	1.93	0.99	73.43	1.9	0.69
290	29.12.2018	Fulham	Huddersfield	35.0	65.0	4.0	6.0	0.0	4.0	2.0	1.0	2.0	0.0	175.0	345.0	50.0	55.0	16.0	20.0	0.0	0.0	2.0	0.0	44.0	56.0	14.0	9.0	5.0	5.0	4.0	3.0	3.0	1.0	395.0	529.0	121.0	107.0	50.0	36.0	69.57	1.88	0.83	79.93	2.38	0.72
291	24.02.2019	Manchester Utd	Liverpool	40.0	60.0	3.0	4.0	2.0	1.0	2.0	2.0	0.0	1.0	169.0	243.0	37.0	57.0	12.0	37.0	0.0	0.0	0.0	0.0	35.0	65.0	6.0	7.0	3.0	1.0	3.0	7.0	1.0	3.0	317.0	565.0	75.0	120.0	21.0	74.0	82.17	2.32	0.57	92.6	2.86	0.26
292	22.09.2018	Crystal Palace	Newcastle	57.0	43.0	10.0	3.0	3.0	1.0	4.0	4.0	0.0	1.0	227.0	169.0	50.0	46.0	28.0	14.0	0.0	0.0	0.0	0.0	62.0	38.0	16.0	6.0	4.0	3.0	9.0	5.0	1.0	1.0	479.0	297.0	108.0	81.0	64.0	29.0	71.06	1.9	0.78	69.14	1.76	0.75
293	09.03.2019	Crystal Palace	Brighton	64.0	36.0	9.0	1.0	2.0	1.0	5.0	0.0	0.0	2.0	312.0	179.0	64.0	36.0	38.0	18.0	0.0	1.0	2.0	2.0	63.0	37.0	15.0	4.0	3.0	3.0	8.0	0.0	1.0	5.0	579.0	358.0	135.0	86.0	75.0	36.0	71.06	1.9	0.78	64.86	1.7	0.88
294	07.10.2018	Fulham	Arsenal	48.0	52.0	12.0	4.0	3.0	2.0	2.0	1.0	0.0	0.0	242.0	256.0	73.0	46.0	23.0	22.0	1.0	1.0	0.0	5.0	49.0	51.0	21.0	9.0	4.0	7.0	4.0	2.0	2.0	0.0	473.0	504.0	121.0	90.0	48.0	51.0	69.57	1.88	0.83	79.93	2.38	0.72
295	30.09.2018	Cardiff	Burnley	53.0	47.0	10.0	1.0	2.0	0.0	6.0	1.0	0.0	1.0	142.0	138.0	42.0	53.0	33.0	17.0	0.0	0.0	2.0	2.0	54.0	46.0	19.0	3.0	5.0	2.0	10.0	2.0	1.0	3.0	317.0	286.0	108.0	100.0	80.0	33.0	66.62	1.93	0.99	69.1	1.84	0.82
296	31.03.2019	Cardiff	Chelsea	27.0	73.0	4.0	6.0	1.0	0.0	1.0	3.0	0.0	1.0	121.0	339.0	50.0	57.0	16.0	18.0	0.0	0.0	2.0	2.0	29.0	71.0	8.0	21.0	3.0	3.0	2.0	7.0	2.0	3.0	239.0	592.0	85.0	115.0	32.0	50.0	66.62	1.93	0.99	83.5	2.39	0.55
297	05.11.2018	Huddersfield	Fulham	48.0	52.0	5.0	1.0	2.0	1.0	3.0	0.0	0.0	1.0	228.0	263.0	100.0	43.0	43.0	9.0	1.0	0.0	0.0	0.0	45.0	55.0	10.0	7.0	2.0	1.0	5.0	4.0	1.0	2.0	387.0	490.0	156.0	100.0	63.0	25.0	79.93	2.38	0.72	69.57	1.88	0.83
298	03.03.2019	Watford	Leicester	43.0	57.0	4.0	5.0	3.0	0.0	1.0	2.0	1.0	0.0	216.0	280.0	49.0	65.0	14.0	33.0	1.0	0.0	2.0	1.0	39.0	61.0	6.0	14.0	5.0	2.0	1.0	5.0	5.0	1.0	371.0	576.0	92.0	124.0	38.0	69.0	66.62	1.93	0.99	76.73	1.99	0.6
299	08.12.2018	Cardiff	Southampton	42.0	58.0	7.0	8.0	3.0	1.0	5.0	1.0	1.0	1.0	144.0	200.0	56.0	53.0	32.0	20.0	0.0	0.0	2.0	0.0	37.0	63.0	13.0	12.0	4.0	1.0	7.0	7.0	2.0	2.0	248.0	448.0	98.0	109.0	51.0	52.0	66.62	1.93	0.99	69.57	1.88	0.83
300	27.02.2019	Southampton	Fulham	36.0	64.0	7.0	8.0	3.0	2.0	3.0	1.0	0.0	0.0	171.0	319.0	60.0	64.0	16.0	18.0	2.0	0.0	0.0	0.0	41.0	59.0	14.0	14.0	4.0	4.0	7.0	4.0	0.0	1.0	380.0	566.0	134.0	110.0	51.0	36.0	69.57	1.88	0.83	69.57	1.88	0.83
301	24.04.2019	Wolves	Arsenal	28.0	72.0	9.0	7.0	3.0	0.0	2.0	2.0	1.0	3.0	134.0	339.0	36.0	68.0	7.0	34.0	3.0	0.0	0.0	1.0	29.0	71.0	11.0	11.0	3.0	1.0	5.0	5.0	2.0	3.0	285.0	690.0	64.0	151.0	22.0	68.0	73.43	1.9	0.69	79.93	2.38	0.72
302	03.11.2018	Cardiff	Leicester	39.0	61.0	4.0	6.0	1.0	3.0	0.0	5.0	1.0	1.0	147.0	215.0	61.0	50.0	28.0	32.0	0.0	0.0	0.0	1.0	40.0	60.0	11.0	13.0	2.0	5.0	6.0	12.0	2.0	2.0	271.0	403.0	104.0	96.0	60.0	60.0	66.62	1.93	0.99	76.73	1.99	0.6
303	12.05.2019	Fulham	Newcastle	67.0	33.0	10.0	7.0	0.0	3.0	3.0	3.0	0.0	0.0	366.0	181.0	67.0	36.0	42.0	10.0	0.0	2.0	0.0	4.0	68.0	32.0	16.0	13.0	2.0	6.0	5.0	5.0	1.0	0.0	765.0	358.0	150.0	67.0	81.0	22.0	69.57	1.88	0.83	69.14	1.76	0.75
304	01.04.2019	Arsenal	Newcastle	74.0	26.0	3.0	1.0	2.0	1.0	3.0	2.0	0.0	0.0	411.0	141.0	57.0	26.0	25.0	7.0	1.0	0.0	2.0	0.0	71.0	29.0	7.0	3.0	4.0	1.0	6.0	2.0	2.0	0.0	700.0	285.0	132.0	66.0	55.0	25.0	79.93	2.38	0.72	69.14	1.76	0.75
305	22.12.2018	Bournemouth	Brighton	51.0	49.0	6.0	8.0	1.0	3.0	2.0	3.0	2.0	0.0	250.0	238.0	55.0	67.0	14.0	20.0	1.0	0.0	2.0	0.0	57.0	43.0	14.0	10.0	3.0	5.0	6.0	5.0	2.0	2.0	541.0	392.0	129.0	107.0	47.0	37.0	68.07	2.04	1.02	64.86	1.7	0.88
306	18.08.2018	Everton	Southampton	58.0	42.0	9.0	7.0	6.0	2.0	2.0	2.0	0.0	4.0	211.0	149.0	62.0	33.0	21.0	20.0	2.0	0.0	0.0	1.0	58.0	42.0	14.0	15.0	7.0	4.0	2.0	5.0	0.0	5.0	423.0	299.0	130.0	73.0	59.0	39.0	77.62	2.01	0.58	69.57	1.88	0.83
307	09.03.2019	Leicester	Fulham	55.0	45.0	12.0	0.0	4.0	0.0	4.0	3.0	0.0	0.0	276.0	217.0	67.0	49.0	26.0	10.0	1.0	0.0	4.0	1.0	53.0	47.0	18.0	6.0	8.0	3.0	6.0	5.0	0.0	2.0	521.0	464.0	127.0	99.0	48.0	29.0	76.73	1.99	0.6	69.57	1.88	0.83
308	28.10.2018	Crystal Palace	Arsenal	35.0	65.0	6.0	3.0	1.0	0.0	5.0	2.0	1.0	0.0	174.0	333.0	44.0	69.0	22.0	16.0	1.0	0.0	2.0	2.0	42.0	58.0	16.0	7.0	3.0	2.0	6.0	4.0	1.0	2.0	399.0	555.0	116.0	129.0	54.0	40.0	71.06	1.9	0.78	79.93	2.38	0.72
309	20.04.2019	Wolves	Brighton	66.0	34.0	7.0	1.0	0.0	0.0	6.0	0.0	0.0	1.0	309.0	166.0	67.0	51.0	48.0	7.0	0.0	0.0	0.0	0.0	68.0	32.0	22.0	5.0	5.0	0.0	14.0	1.0	0.0	1.0	615.0	297.0	138.0	85.0	107.0	23.0	73.43	1.9	0.69	64.86	1.7	0.88
310	04.05.2019	Cardiff	Crystal Palace	32.0	68.0	7.0	11.0	3.0	5.0	5.0	2.0	0.0	0.0	123.0	267.0	48.0	68.0	20.0	32.0	1.0	2.0	2.0	3.0	39.0	61.0	18.0	21.0	8.0	7.0	10.0	5.0	0.0	0.0	276.0	446.0	108.0	124.0	48.0	52.0	66.62	1.93	0.99	71.06	1.9	0.78
311	12.05.2019	Manchester Utd	Cardiff	69.0	31.0	11.0	11.0	5.0	3.0	4.0	2.0	1.0	1.0	270.0	120.0	64.0	39.0	21.0	24.0	0.0	1.0	0.0	2.0	73.0	27.0	26.0	13.0	10.0	4.0	11.0	2.0	3.0	3.0	620.0	223.0	145.0	77.0	79.0	37.0	82.17	2.32	0.57	66.62	1.93	0.99
312	11.08.2018	Watford	Brighton	53.0	47.0	13.0	3.0	3.0	0.0	5.0	1.0	0.0	1.0	234.0	204.0	65.0	42.0	34.0	18.0	1.0	0.0	2.0	0.0	53.0	47.0	19.0	6.0	5.0	0.0	8.0	2.0	2.0	2.0	437.0	385.0	116.0	75.0	56.0	37.0	66.62	1.93	0.99	64.86	1.7	0.88
313	19.01.2019	Newcastle	Cardiff	59.0	41.0	4.0	3.0	2.0	0.0	4.0	3.0	0.0	0.0	218.0	153.0	58.0	56.0	23.0	20.0	1.0	0.0	4.0	0.0	53.0	47.0	16.0	9.0	6.0	1.0	7.0	10.0	0.0	1.0	375.0	325.0	95.0	113.0	55.0	53.0	69.14	1.76	0.75	66.62	1.93	0.99
314	09.12.2018	Newcastle	Wolves	60.0	40.0	10.0	3.0	4.0	2.0	3.0	3.0	1.0	1.0	266.0	173.0	60.0	46.0	20.0	20.0	1.0	1.0	0.0	2.0	50.0	50.0	12.0	13.0	4.0	6.0	4.0	6.0	2.0	5.0	425.0	425.0	118.0	99.0	52.0	46.0	69.14	1.76	0.75	73.43	1.9	0.69
315	27.10.2018	Watford	Huddersfield	46.0	54.0	3.0	8.0	2.0	4.0	2.0	2.0	0.0	1.0	174.0	209.0	57.0	54.0	19.0	21.0	2.0	0.0	2.0	0.0	48.0	52.0	12.0	13.0	6.0	7.0	3.0	3.0	1.0	2.0	467.0	498.0	120.0	114.0	47.0	38.0	66.62	1.93	0.99	79.93	2.38	0.72
316	29.12.2018	Watford	Newcastle	65.0	35.0	6.0	2.0	2.0	1.0	3.0	0.0	1.0	0.0	314.0	167.0	61.0	55.0	26.0	16.0	0.0	1.0	2.0	1.0	63.0	37.0	12.0	8.0	5.0	2.0	3.0	6.0	1.0	2.0	566.0	326.0	136.0	107.0	72.0	42.0	66.62	1.93	0.99	69.14	1.76	0.75
317	05.12.2018	Wolves	Chelsea	32.0	68.0	2.0	9.0	0.0	3.0	0.0	3.0	1.0	0.0	156.0	326.0	49.0	68.0	19.0	22.0	0.0	1.0	4.0	1.0	30.0	70.0	6.0	17.0	2.0	3.0	1.0	5.0	4.0	4.0	281.0	678.0	85.0	149.0	33.0	52.0	73.43	1.9	0.69	83.5	2.39	0.55
318	01.10.2018	Bournemouth	Crystal Palace	51.0	49.0	4.0	4.0	2.0	1.0	1.0	2.0	1.0	0.0	266.0	257.0	67.0	58.0	27.0	24.0	1.0	0.0	2.0	1.0	44.0	56.0	11.0	10.0	5.0	2.0	3.0	3.0	3.0	4.0	425.0	532.0	106.0	119.0	46.0	51.0	68.07	2.04	1.02	71.06	1.9	0.78
319	09.03.2019	Manchester City	Watford	70.0	30.0	9.0	0.0	3.0	0.0	6.0	0.0	1.0	1.0	355.0	159.0	80.0	40.0	56.0	3.0	0.0	0.0	6.0	1.0	71.0	29.0	19.0	2.0	9.0	1.0	9.0	1.0	1.0	1.0	727.0	298.0	147.0	75.0	87.0	12.0	94.69	3.09	0.2	66.62	1.93	0.99
320	22.12.2018	West Ham	Watford	48.0	52.0	7.0	5.0	3.0	1.0	4.0	2.0	1.0	0.0	180.0	205.0	60.0	51.0	34.0	25.0	0.0	1.0	0.0	2.0	51.0	49.0	18.0	11.0	7.0	5.0	10.0	4.0	3.0	2.0	381.0	380.0	108.0	105.0	75.0	57.0	69.4	2.0	0.92	66.62	1.93	0.99
321	20.08.2018	Crystal Palace	Liverpool	32.0	68.0	3.0	7.0	0.0	2.0	1.0	1.0	1.0	0.0	177.0	367.0	56.0	83.0	17.0	39.0	0.0	1.0	0.0	2.0	37.0	63.0	8.0	16.0	2.0	6.0	6.0	7.0	1.0	1.0	359.0	625.0	97.0	136.0	41.0	70.0	71.06	1.9	0.78	92.6	2.86	0.26
322	10.11.2018	Leicester	Burnley	63.0	37.0	11.0	3.0	3.0	1.0	7.0	1.0	0.0	0.0	256.0	155.0	52.0	46.0	41.0	15.0	0.0	0.0	0.0	0.0	63.0	37.0	22.0	6.0	5.0	1.0	12.0	1.0	2.0	0.0	479.0	298.0	102.0	107.0	79.0	30.0	76.73	1.99	0.6	69.1	1.84	0.82
323	22.10.2018	Arsenal	Leicester	65.0	35.0	10.0	5.0	3.0	2.0	6.0	3.0	2.0	0.0	314.0	161.0	63.0	30.0	29.0	24.0	1.0	1.0	4.0	1.0	69.0	31.0	19.0	8.0	6.0	2.0	6.0	4.0	2.0	2.0	703.0	309.0	145.0	87.0	68.0	40.0	79.93	2.38	0.72	76.73	1.99	0.6
324	20.01.2019	Huddersfield	Manchester City	23.0	77.0	2.0	7.0	1.0	1.0	1.0	3.0	2.0	1.0	107.0	371.0	39.0	85.0	12.0	18.0	0.0	1.0	0.0	3.0	32.0	68.0	5.0	12.0	2.0	4.0	1.0	4.0	2.0	2.0	345.0	734.0	93.0	164.0	34.0	40.0	79.93	2.38	0.72	94.69	3.09	0.2
325	22.12.2018	Manchester City	Crystal Palace	76.0	24.0	9.0	2.0	3.0	2.0	9.0	0.0	0.0	1.0	363.0	119.0	86.0	35.0	51.0	6.0	1.0	2.0	2.0	3.0	78.0	22.0	19.0	5.0	5.0	3.0	13.0	0.0	0.0	4.0	733.0	213.0	181.0	56.0	121.0	15.0	94.69	3.09	0.2	71.06	1.9	0.78
326	22.02.2019	Cardiff	Watford	33.0	67.0	6.0	5.0	2.0	3.0	0.0	2.0	0.0	1.0	147.0	297.0	55.0	71.0	19.0	21.0	0.0	1.0	2.0	5.0	35.0	65.0	15.0	12.0	6.0	7.0	3.0	3.0	1.0	2.0	313.0	579.0	115.0	128.0	43.0	40.0	66.62	1.93	0.99	66.62	1.93	0.99
327	09.02.2019	Fulham	Manchester Utd	53.0	47.0	8.0	5.0	1.0	3.0	2.0	2.0	2.0	1.0	240.0	212.0	67.0	67.0	28.0	27.0	0.0	2.0	0.0	3.0	51.0	49.0	15.0	15.0	3.0	7.0	5.0	4.0	3.0	2.0	503.0	483.0	119.0	128.0	60.0	64.0	69.57	1.88	0.83	82.17	2.32	0.57
328	02.01.2019	Bournemouth	Watford	56.0	44.0	11.0	8.0	6.0	3.0	0.0	1.0	0.0	2.0	278.0	212.0	58.0	48.0	15.0	16.0	3.0	3.0	0.0	3.0	57.0	43.0	25.0	11.0	12.0	3.0	4.0	2.0	1.0	4.0	491.0	379.0	123.0	101.0	47.0	35.0	68.07	2.04	1.02	66.62	1.93	0.99
329	27.02.2019	Chelsea	Tottenham	49.0	51.0	6.0	5.0	0.0	0.0	1.0	1.0	0.0	0.0	254.0	259.0	45.0	72.0	22.0	26.0	0.0	0.0	4.0	0.0	47.0	53.0	11.0	9.0	1.0	0.0	2.0	2.0	1.0	1.0	480.0	546.0	95.0	149.0	37.0	58.0	83.5	2.39	0.55	83.73	2.37	0.52
330	10.11.2018	Crystal Palace	Tottenham	28.0	72.0	4.0	5.0	1.0	1.0	5.0	2.0	1.0	0.0	135.0	351.0	31.0	75.0	18.0	32.0	0.0	0.0	0.0	1.0	35.0	65.0	11.0	11.0	4.0	2.0	10.0	6.0	1.0	1.0	303.0	584.0	70.0	142.0	55.0	66.0	71.06	1.9	0.78	83.73	2.37	0.52
331	22.09.2018	Brighton	Tottenham	21.0	79.0	1.0	8.0	0.0	2.0	0.0	4.0	0.0	0.0	104.0	382.0	21.0	72.0	12.0	33.0	0.0	1.0	2.0	2.0	29.0	71.0	8.0	16.0	4.0	7.0	5.0	7.0	2.0	1.0	255.0	658.0	64.0	123.0	30.0	44.0	64.86	1.7	0.88	83.73	2.37	0.52
332	26.02.2019	Huddersfield	Wolves	51.0	49.0	5.0	5.0	0.0	0.0	2.0	3.0	1.0	1.0	242.0	232.0	68.0	50.0	19.0	18.0	0.0	0.0	2.0	0.0	50.0	50.0	15.0	7.0	3.0	0.0	3.0	5.0	2.0	2.0	445.0	461.0	129.0	118.0	45.0	52.0	79.93	2.38	0.72	73.43	1.9	0.69
333	12.05.2019	Crystal Palace	Bournemouth	49.0	51.0	9.0	2.0	3.0	1.0	2.0	1.0	0.0	0.0	245.0	245.0	45.0	46.0	22.0	28.0	3.0	1.0	4.0	3.0	45.0	55.0	17.0	16.0	8.0	8.0	4.0	4.0	3.0	0.0	429.0	517.0	93.0	104.0	46.0	68.0	71.06	1.9	0.78	68.07	2.04	1.02
334	05.12.2018	Manchester Utd	Arsenal	45.0	55.0	5.0	4.0	4.0	1.0	1.0	3.0	3.0	2.0	221.0	269.0	64.0	41.0	19.0	13.0	1.0	1.0	2.0	2.0	45.0	55.0	10.0	9.0	7.0	4.0	4.0	4.0	3.0	3.0	446.0	545.0	123.0	94.0	36.0	44.0	82.17	2.32	0.57	79.93	2.38	0.72
335	09.03.2019	Cardiff	West Ham	31.0	69.0	7.0	2.0	3.0	0.0	2.0	2.0	1.0	1.0	137.0	309.0	44.0	53.0	18.0	17.0	1.0	0.0	2.0	0.0	29.0	71.0	16.0	9.0	7.0	2.0	7.0	5.0	2.0	1.0	226.0	565.0	86.0	104.0	49.0	49.0	66.62	1.93	0.99	69.4	2.0	0.92
336	04.05.2019	Wolves	Fulham	41.0	59.0	10.0	3.0	2.0	2.0	3.0	1.0	1.0	2.0	217.0	318.0	60.0	59.0	27.0	6.0	0.0	0.0	2.0	0.0	39.0	61.0	19.0	6.0	6.0	2.0	7.0	1.0	1.0	3.0	376.0	601.0	102.0	125.0	54.0	24.0	73.43	1.9	0.69	69.57	1.88	0.83
337	19.01.2019	Wolves	Leicester	45.0	55.0	8.0	10.0	5.0	3.0	3.0	6.0	2.0	2.0	177.0	211.0	55.0	68.0	13.0	41.0	2.0	0.0	4.0	3.0	46.0	54.0	12.0	16.0	7.0	6.0	5.0	9.0	3.0	3.0	381.0	447.0	104.0	142.0	33.0	74.0	73.43	1.9	0.69	76.73	1.99	0.6
338	29.09.2018	West Ham	Manchester Utd	55.0	45.0	6.0	4.0	2.0	0.0	3.0	2.0	0.0	0.0	269.0	218.0	53.0	44.0	32.0	24.0	2.0	0.0	2.0	1.0	49.0	51.0	8.0	9.0	3.0	4.0	4.0	9.0	0.0	1.0	455.0	457.0	93.0	105.0	47.0	64.0	69.4	2.0	0.92	82.17	2.32	0.57
339	23.02.2019	Bournemouth	Wolves	51.0	49.0	2.0	3.0	1.0	0.0	2.0	4.0	1.0	2.0	228.0	213.0	39.0	60.0	27.0	24.0	1.0	0.0	0.0	1.0	45.0	55.0	10.0	10.0	3.0	2.0	9.0	8.0	4.0	5.0	370.0	468.0	97.0	119.0	61.0	52.0	68.07	2.04	1.02	73.43	1.9	0.69
340	30.03.2019	Burnley	Wolves	42.0	58.0	3.0	2.0	1.0	0.0	0.0	3.0	0.0	0.0	177.0	238.0	59.0	66.0	6.0	25.0	1.0	0.0	2.0	0.0	37.0	63.0	5.0	8.0	1.0	1.0	1.0	5.0	1.0	1.0	322.0	534.0	107.0	138.0	26.0	57.0	69.1	1.84	0.82	73.43	1.9	0.69
341	27.08.2018	Manchester Utd	Tottenham	53.0	47.0	10.0	2.0	2.0	1.0	2.0	0.0	1.0	2.0	242.0	220.0	73.0	52.0	27.0	14.0	0.0	0.0	0.0	3.0	57.0	43.0	23.0	9.0	5.0	5.0	5.0	2.0	2.0	3.0	488.0	382.0	144.0	98.0	61.0	24.0	82.17	2.32	0.57	83.73	2.37	0.52
342	30.01.2019	Bournemouth	Chelsea	30.0	70.0	6.0	5.0	3.0	5.0	2.0	1.0	0.0	0.0	133.0	361.0	29.0	83.0	14.0	40.0	0.0	0.0	8.0	0.0	32.0	68.0	12.0	11.0	7.0	7.0	3.0	7.0	1.0	0.0	331.0	714.0	56.0	155.0	24.0	95.0	68.07	2.04	1.02	83.5	2.39	0.55
343	11.11.2018	Arsenal	Wolves	74.0	26.0	3.0	7.0	0.0	3.0	3.0	0.0	0.0	0.0	422.0	151.0	148.0	56.0	67.0	32.0	0.0	1.0	2.0	1.0	72.0	28.0	10.0	13.0	3.0	5.0	11.0	2.0	2.0	2.0	734.0	292.0	191.0	49.0	89.0	31.0	79.93	2.38	0.72	73.43	1.9	0.69
344	26.12.2018	Fulham	Wolves	39.0	61.0	9.0	3.0	3.0	1.0	2.0	0.0	2.0	1.0	165.0	258.0	63.0	58.0	27.0	25.0	0.0	0.0	2.0	1.0	30.0	70.0	11.0	14.0	5.0	5.0	2.0	0.0	2.0	1.0	286.0	685.0	107.0	160.0	29.0	70.0	69.57	1.88	0.83	73.43	1.9	0.69
345	25.08.2018	Bournemouth	Everton	41.0	59.0	6.0	6.0	0.0	0.0	0.0	2.0	0.0	0.0	167.0	229.0	44.0	58.0	16.0	28.0	0.0	0.0	4.0	2.0	50.0	50.0	17.0	11.0	5.0	3.0	6.0	2.0	0.0	3.0	382.0	390.0	89.0	90.0	45.0	42.0	68.07	2.04	1.02	77.62	2.01	0.58
346	23.04.2019	Tottenham	Brighton	76.0	24.0	14.0	1.0	2.0	0.0	2.0	3.0	0.0	1.0	335.0	104.0	68.0	35.0	47.0	12.0	0.0	0.0	2.0	0.0	78.0	22.0	29.0	6.0	5.0	1.0	6.0	3.0	1.0	2.0	713.0	194.0	157.0	66.0	107.0	23.0	83.73	2.37	0.52	64.86	1.7	0.88
347	27.04.2019	Fulham	Cardiff	73.0	27.0	4.0	1.0	1.0	0.0	3.0	0.0	0.0	0.0	348.0	125.0	71.0	49.0	24.0	21.0	0.0	0.0	2.0	0.0	73.0	27.0	8.0	13.0	2.0	8.0	10.0	3.0	0.0	0.0	623.0	220.0	121.0	105.0	46.0	47.0	69.57	1.88	0.83	66.62	1.93	0.99
348	15.09.2018	Manchester City	Fulham	61.0	39.0	14.0	5.0	7.0	2.0	7.0	3.0	0.0	0.0	311.0	200.0	79.0	37.0	40.0	13.0	2.0	0.0	2.0	0.0	65.0	35.0	28.0	9.0	9.0	3.0	10.0	4.0	0.0	0.0	736.0	400.0	165.0	76.0	76.0	31.0	94.69	3.09	0.2	69.57	1.88	0.83
349	12.01.2019	Crystal Palace	Watford	60.0	40.0	9.0	7.0	3.0	0.0	3.0	1.0	0.0	0.0	232.0	155.0	76.0	51.0	36.0	18.0	1.0	0.0	0.0	2.0	55.0	45.0	15.0	16.0	6.0	2.0	7.0	7.0	1.0	4.0	408.0	334.0	137.0	106.0	80.0	55.0	71.06	1.9	0.78	66.62	1.93	0.99
350	27.10.2018	Leicester	West Ham	55.0	45.0	6.0	7.0	2.0	2.0	4.0	0.0	0.0	0.0	259.0	221.0	68.0	58.0	28.0	22.0	0.0	1.0	2.0	1.0	64.0	36.0	21.0	11.0	7.0	3.0	8.0	0.0	1.0	1.0	552.0	327.0	153.0	85.0	103.0	34.0	76.73	1.99	0.6	69.4	2.0	0.92
351	18.08.2018	Chelsea	Arsenal	59.0	41.0	9.0	12.0	4.0	5.0	1.0	0.0	0.0	1.0	342.0	230.0	75.0	42.0	18.0	23.0	2.0	2.0	2.0	2.0	62.0	38.0	24.0	15.0	11.0	6.0	5.0	1.0	0.0	2.0	720.0	429.0	145.0	83.0	58.0	41.0	83.5	2.39	0.55	79.93	2.38	0.72
352	29.01.2019	Wolves	West Ham	51.0	49.0	11.0	2.0	3.0	0.0	2.0	1.0	1.0	1.0	256.0	244.0	66.0	72.0	19.0	20.0	0.0	0.0	6.0	0.0	55.0	45.0	20.0	4.0	9.0	0.0	5.0	1.0	4.0	1.0	477.0	400.0	114.0	142.0	53.0	39.0	73.43	1.9	0.69	69.4	2.0	0.92
353	20.04.2019	Bournemouth	Fulham	53.0	47.0	9.0	8.0	2.0	1.0	3.0	4.0	0.0	0.0	230.0	205.0	51.0	43.0	25.0	20.0	0.0	0.0	0.0	1.0	49.0	51.0	15.0	17.0	5.0	5.0	3.0	7.0	1.0	3.0	445.0	457.0	101.0	107.0	42.0	57.0	68.07	2.04	1.02	69.57	1.88	0.83
354	04.11.2018	Manchester City	Southampton	68.0	32.0	7.0	2.0	5.0	1.0	2.0	0.0	1.0	1.0	373.0	174.0	67.0	53.0	47.0	15.0	4.0	1.0	4.0	1.0	67.0	33.0	18.0	12.0	8.0	6.0	4.0	4.0	1.0	1.0	729.0	341.0	141.0	98.0	75.0	43.0	94.69	3.09	0.2	69.57	1.88	0.83
355	15.12.2018	Tottenham	Burnley	70.0	30.0	8.0	1.0	1.0	0.0	4.0	2.0	0.0	0.0	344.0	146.0	77.0	52.0	36.0	12.0	0.0	0.0	2.0	0.0	70.0	30.0	15.0	4.0	3.0	0.0	8.0	3.0	0.0	2.0	623.0	264.0	150.0	97.0	74.0	30.0	83.73	2.37	0.52	69.1	1.84	0.82
356	02.03.2019	Brighton	Huddersfield	47.0	53.0	2.0	2.0	0.0	2.0	2.0	1.0	1.0	0.0	212.0	241.0	60.0	57.0	22.0	10.0	0.0	0.0	2.0	0.0	53.0	47.0	13.0	6.0	4.0	4.0	6.0	3.0	2.0	2.0	455.0	413.0	141.0	98.0	65.0	26.0	64.86	1.7	0.88	79.93	2.38	0.72
357	02.01.2019	Newcastle	Manchester Utd	28.0	72.0	5.0	8.0	2.0	3.0	0.0	1.0	1.0	0.0	150.0	394.0	44.0	92.0	11.0	31.0	0.0	0.0	0.0	2.0	35.0	65.0	14.0	16.0	3.0	7.0	1.0	2.0	1.0	2.0	350.0	687.0	100.0	151.0	34.0	42.0	69.14	1.76	0.75	82.17	2.32	0.57
358	24.11.2018	Fulham	Southampton	40.0	60.0	6.0	7.0	3.0	4.0	1.0	2.0	1.0	0.0	213.0	307.0	52.0	60.0	20.0	27.0	2.0	1.0	2.0	2.0	37.0	63.0	10.0	19.0	5.0	8.0	2.0	5.0	2.0	3.0	370.0	600.0	97.0	119.0	39.0	70.0	69.57	1.88	0.83	69.57	1.88	0.83
359	15.09.2018	Newcastle	Arsenal	35.0	65.0	1.0	2.0	0.0	0.0	7.0	1.0	0.0	0.0	161.0	319.0	48.0	55.0	29.0	21.0	0.0	0.0	2.0	2.0	36.0	64.0	4.0	12.0	2.0	2.0	10.0	4.0	0.0	0.0	327.0	598.0	95.0	120.0	40.0	49.0	69.14	1.76	0.75	79.93	2.38	0.72
360	09.02.2019	Crystal Palace	West Ham	53.0	47.0	8.0	6.0	2.0	4.0	4.0	3.0	3.0	0.0	129.0	198.0	57.0	57.0	27.0	40.0	0.0	1.0	2.0	1.0	57.0	43.0	25.0	6.0	5.0	4.0	10.0	4.0	3.0	0.0	482.0	371.0	122.0	99.0	76.0	54.0	71.06	1.9	0.78	69.4	2.0	0.92
361	20.10.2018	Newcastle	Brighton	67.0	33.0	13.0	4.0	2.0	1.0	7.0	2.0	0.0	1.0	204.0	107.0	49.0	33.0	33.0	24.0	0.0	1.0	0.0	1.0	68.0	32.0	27.0	8.0	6.0	2.0	10.0	2.0	0.0	2.0	504.0	247.0	124.0	73.0	97.0	38.0	69.14	1.76	0.75	64.86	1.7	0.88
362	29.01.2019	Arsenal	Cardiff	70.0	30.0	4.0	8.0	0.0	0.0	2.0	6.0	2.0	1.0	300.0	118.0	48.0	47.0	35.0	24.0	0.0	0.0	4.0	1.0	71.0	29.0	15.0	19.0	4.0	2.0	4.0	7.0	3.0	3.0	590.0	232.0	119.0	84.0	70.0	45.0	79.93	2.38	0.72	66.62	1.93	0.99
363	20.04.2019	Huddersfield	Watford	42.0	58.0	7.0	4.0	1.0	2.0	1.0	2.0	2.0	1.0	195.0	261.0	52.0	50.0	17.0	23.0	0.0	1.0	2.0	2.0	46.0	54.0	13.0	11.0	3.0	6.0	2.0	2.0	2.0	2.0	378.0	459.0	107.0	87.0	40.0	39.0	79.93	2.38	0.72	66.62	1.93	0.99
364	19.08.2018	Manchester City	Huddersfield	78.0	22.0	13.0	3.0	8.0	1.0	5.0	2.0	0.0	0.0	400.0	113.0	72.0	26.0	47.0	12.0	3.0	1.0	6.0	1.0	77.0	23.0	32.0	5.0	14.0	1.0	10.0	3.0	0.0	2.0	760.0	224.0	133.0	63.0	93.0	26.0	94.69	3.09	0.2	79.93	2.38	0.72
365	20.10.2018	Manchester City	Burnley	73.0	27.0	14.0	4.0	3.0	0.0	5.0	0.0	1.0	2.0	351.0	133.0	74.0	43.0	30.0	9.0	1.0	0.0	8.0	0.0	69.0	31.0	24.0	5.0	10.0	0.0	10.0	1.0	2.0	2.0	679.0	302.0	133.0	77.0	66.0	21.0	94.69	3.09	0.2	69.1	1.84	0.82
366	03.11.2018	Bournemouth	Manchester Utd	54.0	46.0	12.0	6.0	5.0	1.0	5.0	2.0	0.0	0.0	226.0	203.0	51.0	41.0	23.0	18.0	1.0	1.0	0.0	2.0	49.0	51.0	18.0	18.0	7.0	8.0	9.0	5.0	4.0	3.0	412.0	448.0	101.0	111.0	50.0	51.0	68.07	2.04	1.02	82.17	2.32	0.57
367	02.01.2019	Wolves	Crystal Palace	49.0	51.0	4.0	6.0	0.0	2.0	1.0	7.0	2.0	0.0	259.0	266.0	51.0	70.0	19.0	30.0	0.0	0.0	0.0	2.0	52.0	48.0	9.0	17.0	1.0	4.0	3.0	10.0	4.0	1.0	527.0	480.0	108.0	141.0	45.0	66.0	73.43	1.9	0.69	71.06	1.9	0.78
368	06.10.2018	Burnley	Huddersfield	29.0	71.0	2.0	10.0	2.0	0.0	1.0	4.0	0.0	0.0	122.0	294.0	53.0	47.0	15.0	29.0	1.0	0.0	0.0	1.0	32.0	68.0	6.0	19.0	3.0	2.0	1.0	10.0	2.0	2.0	275.0	581.0	107.0	109.0	28.0	65.0	69.1	1.84	0.82	79.93	2.38	0.72
369	21.04.2019	Arsenal	Crystal Palace	72.0	28.0	8.0	8.0	1.0	3.0	4.0	2.0	1.0	0.0	364.0	139.0	76.0	46.0	44.0	20.0	0.0	1.0	4.0	3.0	73.0	27.0	12.0	16.0	5.0	7.0	8.0	3.0	4.0	1.0	656.0	249.0	152.0	82.0	97.0	40.0	79.93	2.38	0.72	71.06	1.9	0.78
370	29.12.2018	Liverpool	Arsenal	58.0	42.0	7.0	4.0	5.0	2.0	1.0	2.0	1.0	1.0	277.0	194.0	50.0	50.0	15.0	21.0	4.0	1.0	2.0	1.0	48.0	52.0	15.0	8.0	10.0	2.0	5.0	3.0	1.0	2.0	511.0	551.0	94.0	114.0	48.0	40.0	92.6	2.86	0.26	79.93	2.38	0.72
371	04.12.2018	Bournemouth	Huddersfield	28.0	72.0	3.0	11.0	2.0	4.0	3.0	6.0	0.0	0.0	129.0	331.0	33.0	83.0	25.0	45.0	2.0	1.0	0.0	1.0	33.0	67.0	6.0	23.0	2.0	6.0	4.0	8.0	4.0	2.0	304.0	608.0	78.0	157.0	45.0	104.0	68.07	2.04	1.02	79.93	2.38	0.72
372	08.12.2018	Leicester	Tottenham	38.0	62.0	1.0	3.0	0.0	1.0	3.0	3.0	1.0	1.0	207.0	337.0	40.0	65.0	18.0	25.0	0.0	1.0	0.0	2.0	42.0	58.0	10.0	7.0	3.0	2.0	6.0	5.0	3.0	1.0	410.0	578.0	125.0	111.0	59.0	41.0	76.73	1.99	0.6	83.73	2.37	0.52
